2025-06-29 09:15:42,589 [INFO] Activator:176 - 


2025-06-29 09:15:42,596 [INFO] Activator:177 - !SESSION log4j initialized
2025-06-29 09:15:49,941 [INFO] LogOutputStream:77 - [STDOUT_REDIRECT] 
2025-06-29 09:15:50,953 [INFO] ApplicationProperties:184 - Using Application install path: C:\ST\STM32CubeIDE_1.16.1\STM32CubeIDE\plugins\com.st.stm32cube.common.mx_6.12.1.202409122256
2025-06-29 09:15:50,974 [INFO] DbMcusXml:78 - Set database path to: C:\ST\STM32CubeIDE_1.16.1\STM32CubeIDE\plugins\com.st.stm32cube.common.mx_6.12.1.202409122256\\db\/mcu/
2025-06-29 09:15:50,974 [INFO] ApiDb:274 - Set plugin database path to: C:\ST\STM32CubeIDE_1.16.1\STM32CubeIDE\plugins\com.st.stm32cube.common.mx_6.12.1.202409122256\\db\/plugins/boardmanager/
2025-06-29 09:15:50,977 [WARN] ApiDb:259 - Overriding images path with different value:  => C:\ST\STM32CubeIDE_1.16.1\STM32CubeIDE\plugins\com.st.stm32cube.common.mx_6.12.1.202409122256\\db\/plugins/mcufinder/images/
2025-06-29 09:15:50,993 [INFO] ApiDb:250 - Set database path to: C:\Users\tranc\.stmcufinder\plugins\mcufinder//mcu/
2025-06-29 09:15:50,994 [INFO] DbMcusAds:125 - Set database path to: C:\Users\tranc\.stmcufinder\plugins\mcufinder//mcu/
2025-06-29 09:15:50,997 [INFO] CrossReferenceDbSqlite:203 - Set database path to: C:\Users\tranc\.stmcufinder\plugins\mcufinder//mcu/cs/
2025-06-29 09:15:51,121 [INFO] RulesReader:64 - Compatibility file has been processed (297 Rules)
2025-06-29 09:15:51,212 [INFO] DbMcusXml:78 - Set database path to: C:\ST\STM32CubeIDE_1.16.1\STM32CubeIDE\plugins\com.st.stm32cube.common.mx_6.12.1.202409122256\\db\/mcu/
2025-06-29 09:15:51,212 [INFO] ApiDb:274 - Set plugin database path to: C:\ST\STM32CubeIDE_1.16.1\STM32CubeIDE\plugins\com.st.stm32cube.common.mx_6.12.1.202409122256\\db\/plugins/boardmanager/
2025-06-29 09:15:51,212 [INFO] ApiDb:261 - Set plugin images path to: C:\ST\STM32CubeIDE_1.16.1\STM32CubeIDE\plugins\com.st.stm32cube.common.mx_6.12.1.202409122256\\db\/plugins/mcufinder/images/
2025-06-29 09:15:51,212 [WARN] DbFile:41 - Overriding database path with different value: C:\Users\tranc\.stmcufinder\plugins\mcufinder/ => C:\Users\tranc\.stmcufinder\plugins\mcufinder
2025-06-29 09:15:51,212 [INFO] ApiDb:250 - Set database path to: C:\Users\tranc\.stmcufinder\plugins\mcufinder//mcu/
2025-06-29 09:15:51,213 [WARN] DbFile:41 - Overriding database path with different value: C:\Users\tranc\.stmcufinder\plugins\mcufinder/ => C:\Users\tranc\.stmcufinder\plugins\mcufinder
2025-06-29 09:15:51,213 [INFO] DbMcusAds:125 - Set database path to: C:\Users\tranc\.stmcufinder\plugins\mcufinder//mcu/
2025-06-29 09:15:51,213 [WARN] DbFile:41 - Overriding database path with different value: C:\Users\tranc\.stmcufinder\plugins\mcufinder/ => C:\Users\tranc\.stmcufinder\plugins\mcufinder
2025-06-29 09:15:51,213 [WARN] DbFile:41 - Overriding database path with different value: C:\Users\tranc\.stmcufinder\plugins\mcufinder/ => C:\Users\tranc\.stmcufinder\plugins\mcufinder
2025-06-29 09:15:51,213 [INFO] CrossReferenceDbSqlite:203 - Set database path to: C:\Users\tranc\.stmcufinder\plugins\mcufinder//mcu/cs/
2025-06-29 09:15:51,300 [INFO] MainPanel:268 - HeapMemory: 268435456
2025-06-29 09:15:51,429 [INFO] DbMcusXml:78 - Set database path to: C:\ST\STM32CubeIDE_1.16.1\STM32CubeIDE\plugins\com.st.stm32cube.common.mx_6.12.1.202409122256\\db\/mcu/
2025-06-29 09:15:51,429 [INFO] ApiDb:274 - Set plugin database path to: C:\ST\STM32CubeIDE_1.16.1\STM32CubeIDE\plugins\com.st.stm32cube.common.mx_6.12.1.202409122256\\db\/plugins/boardmanager/
2025-06-29 09:15:51,429 [INFO] ApiDb:261 - Set plugin images path to: C:\ST\STM32CubeIDE_1.16.1\STM32CubeIDE\plugins\com.st.stm32cube.common.mx_6.12.1.202409122256\\db\/plugins/mcufinder/images/
2025-06-29 09:15:51,430 [WARN] DbFile:41 - Overriding database path with different value: C:\Users\tranc\.stmcufinder\plugins\mcufinder/ => C:\Users\tranc\.stmcufinder\plugins\mcufinder
2025-06-29 09:15:51,430 [INFO] ApiDb:250 - Set database path to: C:\Users\tranc\.stmcufinder\plugins\mcufinder//mcu/
2025-06-29 09:15:51,430 [WARN] DbFile:41 - Overriding database path with different value: C:\Users\tranc\.stmcufinder\plugins\mcufinder/ => C:\Users\tranc\.stmcufinder\plugins\mcufinder
2025-06-29 09:15:51,430 [INFO] DbMcusAds:125 - Set database path to: C:\Users\tranc\.stmcufinder\plugins\mcufinder//mcu/
2025-06-29 09:15:51,430 [WARN] DbFile:41 - Overriding database path with different value: C:\Users\tranc\.stmcufinder\plugins\mcufinder/ => C:\Users\tranc\.stmcufinder\plugins\mcufinder
2025-06-29 09:15:51,430 [WARN] DbFile:41 - Overriding database path with different value: C:\Users\tranc\.stmcufinder\plugins\mcufinder/ => C:\Users\tranc\.stmcufinder\plugins\mcufinder
2025-06-29 09:15:51,430 [INFO] CrossReferenceDbSqlite:203 - Set database path to: C:\Users\tranc\.stmcufinder\plugins\mcufinder//mcu/cs/
2025-06-29 09:15:51,449 [INFO] ApplicationProperties:184 - Using Application install path: C:\ST\STM32CubeIDE_1.16.1\STM32CubeIDE\plugins\com.st.stm32cube.common.mx_6.12.1.202409122256
2025-06-29 09:15:51,451 [INFO] PluginManage:196 - Search for loadable plugins [exclusion list=, ]
2025-06-29 09:15:51,452 [INFO] PluginManage:310 - Check plugin analytics
2025-06-29 09:15:51,610 [INFO] AnalyticsPlugin:253 - Accepted Software Licenses: STM32CubeMX.6.12.1
2025-06-29 09:15:51,610 [INFO] AnalyticsPlugin:255 - Accepted CMSIS Pack Licenses: 
2025-06-29 09:15:51,611 [INFO] AnalyticsPlugin:257 - Accepted Firmware Licenses: FW.WL.1.3.0,FW.G4.1.6.0,FW.F4.1.28.0
2025-06-29 09:15:51,613 [INFO] PluginManage:359 - Loaded plugin analytics (category:tool,tabindex:-1)
2025-06-29 09:15:51,613 [INFO] PluginManage:310 - Check plugin cadmodel
2025-06-29 09:15:51,630 [INFO] CADModel:105 - Init CAD model plugin
2025-06-29 09:15:51,630 [INFO] PluginManage:359 - Loaded plugin cadmodel (category:power,tabindex:5)
2025-06-29 09:15:51,630 [INFO] PluginManage:310 - Check plugin clock
2025-06-29 09:15:51,653 [INFO] PluginManage:359 - Loaded plugin clock (category:base,tabindex:2)
2025-06-29 09:15:51,653 [INFO] PluginManage:310 - Check plugin ddr
2025-06-29 09:15:51,656 [INFO] PluginManage:359 - Loaded plugin ddr (category:tool,tabindex:6)
2025-06-29 09:15:51,656 [INFO] PluginManage:310 - Check plugin filemanager
2025-06-29 09:15:51,828 [INFO] PluginManage:359 - Loaded plugin filemanager (category:base,tabindex:10)
2025-06-29 09:15:51,828 [INFO] PluginManage:310 - Check plugin ipmanager
2025-06-29 09:15:51,834 [INFO] PluginManage:359 - Loaded plugin ipmanager (category:base,tabindex:5)
2025-06-29 09:15:51,834 [INFO] PluginManage:310 - Check plugin lpbam
2025-06-29 09:15:51,852 [INFO] PluginManage:359 - Loaded plugin lpbam (category:base,tabindex:0)
2025-06-29 09:15:51,852 [INFO] PluginManage:310 - Check plugin memorymap
2025-06-29 09:15:51,882 [INFO] PluginManage:359 - Loaded plugin memorymap (category:base,tabindex:4)
2025-06-29 09:15:51,882 [INFO] PluginManage:310 - Check plugin pinoutandconfiguration
2025-06-29 09:15:51,903 [INFO] PluginManage:359 - Loaded plugin pinoutandconfiguration (category:base,tabindex:1)
2025-06-29 09:15:51,903 [INFO] PluginManage:310 - Check plugin pinoutconfig
2025-06-29 09:15:52,019 [WARN] SupportedApi:132 - Cannot load RTOS API schema: s4s-elt-must-match.1: The content of 'definitions' must match (annotation?, (simpleType | complexType)?, (unique | key | keyref)*)). A problem was found starting at: attribute.
2025-06-29 09:15:52,160 [INFO] PluginManage:359 - Loaded plugin pinoutconfig (category:base,tabindex:0)
2025-06-29 09:15:52,160 [INFO] PluginManage:310 - Check plugin power
2025-06-29 09:15:52,187 [INFO] PluginManage:359 - Loaded plugin power (category:power,tabindex:4)
2025-06-29 09:15:52,187 [INFO] PluginManage:310 - Check plugin projectmanager
2025-06-29 09:15:52,205 [INFO] PluginManage:359 - Loaded plugin projectmanager (category:projectmanager,tabindex:4)
2025-06-29 09:15:52,205 [INFO] PluginManage:310 - Check plugin rif
2025-06-29 09:15:52,223 [INFO] PluginManage:359 - Loaded plugin rif (category:base,tabindex:3)
2025-06-29 09:15:52,223 [INFO] PluginManage:310 - Check plugin thirdparty
2025-06-29 09:15:52,532 [INFO] PluginManage:359 - Loaded plugin thirdparty (category:base,tabindex:-1)
2025-06-29 09:15:52,532 [WARN] IntegrityCheckThread:84 - waiting for thirdparty lock release [integrity check]
2025-06-29 09:15:52,533 [INFO] PluginManage:310 - Check plugin tools
2025-06-29 09:15:52,533 [INFO] IntegrityCheckThread:86 - entering critical section [integrity check]
2025-06-29 09:15:52,533 [INFO] ThirdPartyUpdaterWithRetryManager:70 - Updater plugin not ready yet. [1/15]
2025-06-29 09:15:52,576 [INFO] PluginManage:359 - Loaded plugin tools (category:base,tabindex:7)
2025-06-29 09:15:52,576 [INFO] PluginManage:310 - Check plugin tutovideos
2025-06-29 09:15:52,797 [INFO] PluginManage:359 - Loaded plugin tutovideos (category:base,tabindex:-1)
2025-06-29 09:15:52,797 [INFO] PluginManage:310 - Check plugin updater
2025-06-29 09:15:52,814 [INFO] PluginManage:359 - Loaded plugin updater (category:base,tabindex:12)
2025-06-29 09:15:52,814 [INFO] PluginManage:310 - Check plugin userauth
2025-06-29 09:15:52,823 [INFO] UserAuth:113 - Init User Auth plugin
2025-06-29 09:15:52,823 [INFO] PluginManage:359 - Loaded plugin userauth (category:base,tabindex:14)
2025-06-29 09:15:52,823 [INFO] PluginManage:283 - PluginManage : Loaded plugins [18]
2025-06-29 09:15:53,066 [INFO] PinOutPanel:1561 - setPackage(No Configuration,No Configuration)
2025-06-29 09:15:53,173 [INFO] CADModel:165 - CPN selected for project level
2025-06-29 09:15:53,173 [INFO] CADModel:114 - Register for checkConnection events
2025-06-29 09:15:53,205 [INFO] IPUIPlugin:80 - create IPUIPlugin
2025-06-29 09:15:53,205 [INFO] PluginManager:220 - loadIPPluginJar : add adc
2025-06-29 09:15:53,250 [INFO] IPUIPlugin:80 - create IPUIPlugin
2025-06-29 09:15:53,250 [INFO] PluginManager:220 - loadIPPluginJar : add aes
2025-06-29 09:15:53,305 [INFO] IPUIPlugin:80 - create IPUIPlugin
2025-06-29 09:15:53,306 [INFO] PluginManager:220 - loadIPPluginJar : add can
2025-06-29 09:15:53,336 [INFO] IPUIPlugin:80 - create IPUIPlugin
2025-06-29 09:15:53,336 [INFO] PluginManager:220 - loadIPPluginJar : add comp
2025-06-29 09:15:53,373 [INFO] IPUIPlugin:80 - create IPUIPlugin
2025-06-29 09:15:53,373 [INFO] PluginManager:220 - loadIPPluginJar : add cryp
2025-06-29 09:15:53,387 [INFO] IPUIPlugin:80 - create IPUIPlugin
2025-06-29 09:15:53,387 [INFO] PluginManager:220 - loadIPPluginJar : add ddr_ctrl_phy
2025-06-29 09:15:53,420 [INFO] IPUIPlugin:80 - create IPUIPlugin
2025-06-29 09:15:53,420 [INFO] PluginManager:220 - loadIPPluginJar : add dfsdm
2025-06-29 09:15:53,436 [INFO] IPUIPlugin:80 - create IPUIPlugin
2025-06-29 09:15:53,436 [INFO] PluginManager:220 - loadIPPluginJar : add dma
2025-06-29 09:15:53,488 [INFO] IPUIPlugin:80 - create IPUIPlugin
2025-06-29 09:15:53,488 [INFO] PluginManager:220 - loadIPPluginJar : add dma3
2025-06-29 09:15:53,537 [INFO] IPUIPlugin:80 - create IPUIPlugin
2025-06-29 09:15:53,537 [INFO] PluginManager:220 - loadIPPluginJar : add extmemmanager
2025-06-29 09:15:53,563 [INFO] IPUIPlugin:80 - create IPUIPlugin
2025-06-29 09:15:53,563 [INFO] PluginManager:220 - loadIPPluginJar : add fatfs
2025-06-29 09:15:53,615 [INFO] IPUIPlugin:80 - create IPUIPlugin
2025-06-29 09:15:53,615 [INFO] PluginManager:220 - loadIPPluginJar : add fmc
2025-06-29 09:15:53,634 [INFO] IPUIPlugin:80 - create IPUIPlugin
2025-06-29 09:15:53,634 [INFO] PluginManager:220 - loadIPPluginJar : add freertos
2025-06-29 09:15:53,658 [INFO] IPUIPlugin:80 - create IPUIPlugin
2025-06-29 09:15:53,658 [INFO] PluginManager:220 - loadIPPluginJar : add genericplugin
2025-06-29 09:15:53,771 [INFO] IPUIPlugin:80 - create IPUIPlugin
2025-06-29 09:15:53,771 [INFO] PluginManager:220 - loadIPPluginJar : add gfxmmu
2025-06-29 09:15:53,942 [INFO] IPUIPlugin:80 - create IPUIPlugin
2025-06-29 09:15:53,942 [INFO] PluginManager:220 - loadIPPluginJar : add gic
2025-06-29 09:15:53,957 [INFO] IPUIPlugin:80 - create IPUIPlugin
2025-06-29 09:15:53,957 [INFO] PluginManager:220 - loadIPPluginJar : add gpio
2025-06-29 09:15:54,060 [INFO] IPUIPlugin:80 - create IPUIPlugin
2025-06-29 09:15:54,060 [INFO] PluginManager:220 - loadIPPluginJar : add gtzc
2025-06-29 09:15:54,098 [INFO] IPUIPlugin:80 - create IPUIPlugin
2025-06-29 09:15:54,098 [INFO] PluginManager:220 - loadIPPluginJar : add hash
2025-06-29 09:15:54,157 [INFO] IPUIPlugin:80 - create IPUIPlugin
2025-06-29 09:15:54,157 [INFO] PluginManager:220 - loadIPPluginJar : add i2c
2025-06-29 09:15:54,199 [INFO] IPUIPlugin:80 - create IPUIPlugin
2025-06-29 09:15:54,199 [INFO] PluginManager:220 - loadIPPluginJar : add i2s
2025-06-29 09:15:54,245 [INFO] IPUIPlugin:80 - create IPUIPlugin
2025-06-29 09:15:54,246 [INFO] PluginManager:220 - loadIPPluginJar : add i3c
2025-06-29 09:15:54,388 [INFO] IPUIPlugin:80 - create IPUIPlugin
2025-06-29 09:15:54,388 [INFO] PluginManager:220 - loadIPPluginJar : add ipddr
2025-06-29 09:15:54,506 [INFO] IPUIPlugin:80 - create IPUIPlugin
2025-06-29 09:15:54,506 [INFO] PluginManager:220 - loadIPPluginJar : add linkedlist
2025-06-29 09:15:54,552 [INFO] IPUIPlugin:80 - create IPUIPlugin
2025-06-29 09:15:54,552 [INFO] PluginManager:220 - loadIPPluginJar : add lorawan
2025-06-29 09:15:54,600 [INFO] IPUIPlugin:80 - create IPUIPlugin
2025-06-29 09:15:54,600 [INFO] PluginManager:220 - loadIPPluginJar : add ltdc
2025-06-29 09:15:54,616 [INFO] IPUIPlugin:80 - create IPUIPlugin
2025-06-29 09:15:54,616 [INFO] PluginManager:220 - loadIPPluginJar : add mdma
2025-06-29 09:15:54,629 [INFO] IPUIPlugin:80 - create IPUIPlugin
2025-06-29 09:15:54,629 [INFO] PluginManager:220 - loadIPPluginJar : add nvic
2025-06-29 09:15:54,675 [INFO] IPUIPlugin:80 - create IPUIPlugin
2025-06-29 09:15:54,675 [INFO] PluginManager:220 - loadIPPluginJar : add opamp
2025-06-29 09:15:54,751 [INFO] IPUIPlugin:80 - create IPUIPlugin
2025-06-29 09:15:54,751 [INFO] PluginManager:220 - loadIPPluginJar : add openamp
2025-06-29 09:15:54,823 [INFO] IPUIPlugin:80 - create IPUIPlugin
2025-06-29 09:15:54,823 [INFO] PluginManager:220 - loadIPPluginJar : add pdm2pcm
2025-06-29 09:15:54,842 [INFO] IPUIPlugin:80 - create IPUIPlugin
2025-06-29 09:15:54,844 [INFO] PluginManager:220 - loadIPPluginJar : add plateformsettings
2025-06-29 09:15:54,875 [INFO] IPUIPlugin:80 - create IPUIPlugin
2025-06-29 09:15:54,875 [INFO] PluginManager:220 - loadIPPluginJar : add quadspi
2025-06-29 09:15:54,909 [INFO] IPUIPlugin:80 - create IPUIPlugin
2025-06-29 09:15:54,911 [INFO] PluginManager:220 - loadIPPluginJar : add radio
2025-06-29 09:15:54,926 [INFO] IPUIPlugin:80 - create IPUIPlugin
2025-06-29 09:15:54,926 [INFO] PluginManager:220 - loadIPPluginJar : add resmgrutility
2025-06-29 09:15:54,984 [INFO] IPUIPlugin:80 - create IPUIPlugin
2025-06-29 09:15:54,984 [INFO] PluginManager:220 - loadIPPluginJar : add sai
2025-06-29 09:15:55,035 [INFO] IPUIPlugin:80 - create IPUIPlugin
2025-06-29 09:15:55,035 [INFO] PluginManager:220 - loadIPPluginJar : add spi
2025-06-29 09:15:55,120 [INFO] IPUIPlugin:80 - create IPUIPlugin
2025-06-29 09:15:55,120 [INFO] PluginManager:220 - loadIPPluginJar : add stm32_wpan
2025-06-29 09:15:55,154 [INFO] IPUIPlugin:80 - create IPUIPlugin
2025-06-29 09:15:55,154 [INFO] PluginManager:220 - loadIPPluginJar : add tim
2025-06-29 09:15:55,230 [INFO] IPUIPlugin:80 - create IPUIPlugin
2025-06-29 09:15:55,230 [INFO] PluginManager:220 - loadIPPluginJar : add touchsensing
2025-06-29 09:15:55,262 [INFO] IPUIPlugin:80 - create IPUIPlugin
2025-06-29 09:15:55,263 [INFO] PluginManager:220 - loadIPPluginJar : add tracer_emb
2025-06-29 09:15:55,291 [INFO] IPUIPlugin:80 - create IPUIPlugin
2025-06-29 09:15:55,291 [INFO] PluginManager:220 - loadIPPluginJar : add ts
2025-06-29 09:15:55,319 [INFO] IPUIPlugin:80 - create IPUIPlugin
2025-06-29 09:15:55,320 [INFO] PluginManager:220 - loadIPPluginJar : add tsc
2025-06-29 09:15:55,347 [INFO] IPUIPlugin:80 - create IPUIPlugin
2025-06-29 09:15:55,347 [INFO] PluginManager:220 - loadIPPluginJar : add ucpd
2025-06-29 09:15:55,423 [INFO] IPUIPlugin:80 - create IPUIPlugin
2025-06-29 09:15:55,424 [INFO] PluginManager:220 - loadIPPluginJar : add usart
2025-06-29 09:15:55,479 [INFO] IPUIPlugin:80 - create IPUIPlugin
2025-06-29 09:15:55,479 [INFO] PluginManager:220 - loadIPPluginJar : add usbx
2025-06-29 09:15:55,534 [INFO] ThirdPartyUpdaterWithRetryManager:70 - Updater plugin not ready yet. [2/15]
2025-06-29 09:15:55,614 [INFO] CADModel:165 - CPN selected for project level
2025-06-29 09:15:55,614 [INFO] CADModel:114 - Register for checkConnection events
2025-06-29 09:15:55,615 [FATAL] Updater:334 - Updater called before beeing initialized
2025-06-29 09:15:55,615 [ERROR] CADModel:125 - Updater not yet initialized, retry later 
2025-06-29 09:15:55,760 [INFO] CADModel:165 - CPN selected for project level
2025-06-29 09:15:55,760 [INFO] CADModel:114 - Register for checkConnection events
2025-06-29 09:15:55,762 [FATAL] Updater:334 - Updater called before beeing initialized
2025-06-29 09:15:55,762 [ERROR] CADModel:125 - Updater not yet initialized, retry later 
2025-06-29 09:15:55,764 [FATAL] Updater:334 - Updater called before beeing initialized
2025-06-29 09:15:55,870 [FATAL] Updater:334 - Updater called before beeing initialized
2025-06-29 09:15:55,882 [INFO] DbMcusAds:53 - JSON generation date=Thu Jun 19 15:32:34 ICT 2025 (1750321954415)
2025-06-29 09:15:55,882 [FATAL] Updater:334 - Updater called before beeing initialized
2025-06-29 09:15:55,927 [WARN] DetailPanel:346 - Failed to get advertising image, set to default
2025-06-29 09:15:56,008 [FATAL] Updater:334 - Updater called before beeing initialized
2025-06-29 09:15:56,009 [FATAL] Updater:334 - Updater called before beeing initialized
2025-06-29 09:15:56,011 [FATAL] Updater:334 - Updater called before beeing initialized
2025-06-29 09:15:56,011 [WARN] DetailPanel:346 - Failed to get advertising image, set to default
2025-06-29 09:15:56,012 [FATAL] Updater:334 - Updater called before beeing initialized
2025-06-29 09:15:56,077 [ERROR] Updater:1164 - MainUpdater not yet initialized. External WinMGr cannot be set.
2025-06-29 09:15:56,090 [INFO] Updater:1100 - Updater Version found : 6.12.1
2025-06-29 09:15:56,110 [INFO] ApplicationProperties:184 - Using Application install path: C:\ST\STM32CubeIDE_1.16.1\STM32CubeIDE\plugins\com.st.stm32cube.common.mx_6.12.1.202409122256
2025-06-29 09:15:57,706 [ERROR] LogOutputStream:75 - [STDERR_REDIRECT] Jun 29, 2025 9:15:57 AM java.util.prefs.WindowsPreferences <init>
2025-06-29 09:15:57,711 [ERROR] LogOutputStream:75 - [STDERR_REDIRECT] WARNING: Could not open/create prefs root node Software\JavaSoft\Prefs at root 0xffffffff80000002. Windows RegCreateKeyEx(...) returned error code 5.
2025-06-29 09:15:57,711 [ERROR] LogOutputStream:75 - [STDERR_REDIRECT] 
2025-06-29 09:15:58,350 [INFO] MainUpdater:2873 - connection check result : 10
2025-06-29 09:15:58,351 [INFO] MainUpdater:290 - Updater Check For Update Now.
2025-06-29 09:15:58,351 [INFO] MicroXplorer:498 - Change Database Version : DB.6.0.121
2025-06-29 09:15:58,374 [INFO] McuFinderGlobals:63 - Set McuFinder mode to 2 (CubeIDE integrated)
2025-06-29 09:15:58,386 [INFO] UserAuth:417 - Internet connection configuration mode: 1
2025-06-29 09:15:58,424 [INFO] JxBrowserEngine:152 - Initiate JxBrowser Engine with user profile folder
2025-06-29 09:15:58,536 [WARN] MainUpdater:1194 - Updater busy. Cannot search thirdparties
2025-06-29 09:15:58,536 [INFO] ThirdPartyUpdaterWithRetryManager:96 - Updater plugin is busy. [1/15]
2025-06-29 09:15:58,621 [INFO] CheckServerUpdateThread:120 - End of CheckServer Thread
2025-06-29 09:16:02,087 [WARN] PackLoader:240 - Cannot read IP mode file for STMicroelectronics.FP-SNS-MOTENVWB1.1.4.0
2025-06-29 09:16:02,109 [WARN] PackLoader:240 - Cannot read IP mode file for STMicroelectronics.FP-ATR-ASTRA1.2.0.2
2025-06-29 09:16:02,133 [WARN] PackLoader:240 - Cannot read IP mode file for STMicroelectronics.FP-ATR-ASTRA1.2.0.1
2025-06-29 09:16:02,158 [WARN] PackLoader:240 - Cannot read IP mode file for STMicroelectronics.X-CUBE-SMBUS.2.1.0
2025-06-29 09:16:02,186 [WARN] PackLoader:240 - Cannot read IP mode file for STMicroelectronics.X-CUBE-WB05N.1.1.0
2025-06-29 09:16:02,212 [ERROR] Engine:466 - C:\Users\tranc\.stm32cubemx\thirdparties\pdsc\STMicroelectronics.X-CUBE-ST60.1.0.0.pdsc: PDSC version is not supported
2025-06-29 09:16:02,275 [WARN] PackLoader:240 - Cannot read IP mode file for STMicroelectronics.X-CUBE-AZRTOS-F7.1.1.0
2025-06-29 09:16:02,375 [WARN] PackLoader:240 - Cannot read IP mode file for STMicroelectronics.X-CUBE-MEMS1.11.0.0
2025-06-29 09:16:02,489 [INFO] WebApp:167 - Instantiating new browser for Auth
2025-06-29 09:16:02,686 [WARN] PackLoader:240 - Cannot read IP mode file for STMicroelectronics.FP-SNS-FLIGHT1.5.0.2
2025-06-29 09:16:02,713 [WARN] PackLoader:240 - Cannot read IP mode file for STMicroelectronics.X-CUBE-DISPLAY.3.0.0
2025-06-29 09:16:02,739 [WARN] PackLoader:240 - Cannot read IP mode file for STMicroelectronics.X-CUBE-BLE1.7.0.0
2025-06-29 09:16:02,760 [WARN] PackLoader:240 - Cannot read IP mode file for STMicroelectronics.X-CUBE-NFC10.1.0.0
2025-06-29 09:16:02,785 [WARN] PackLoader:240 - Cannot read IP mode file for STMicroelectronics.X-CUBE-BLEMGR.4.0.0
2025-06-29 09:16:02,812 [WARN] PackLoader:240 - Cannot read IP mode file for emotas.I-CUBE-CANOPEN.1.3.0
2025-06-29 09:16:02,839 [WARN] PackLoader:240 - Cannot read IP mode file for STMicroelectronics.X-CUBE-BLEMGR.3.1.0
2025-06-29 09:16:02,863 [WARN] PackLoader:240 - Cannot read IP mode file for STMicroelectronics.X-CUBE-AI.10.0.0
2025-06-29 09:16:02,889 [WARN] PackLoader:240 - Cannot read IP mode file for STMicroelectronics.FP-SNS-SMARTAG2.1.2.0
2025-06-29 09:16:02,906 [ERROR] Engine:466 - C:\Users\tranc\.stm32cubemx\thirdparties\pdsc\STMicroelectronics.FP-SNS-FLIGHT1.5.1.0.pdsc: PDSC version is not supported
2025-06-29 09:16:03,005 [WARN] PackLoader:240 - Cannot read IP mode file for STMicroelectronics.X-CUBE-MEMS1.11.1.0
2025-06-29 09:16:03,196 [INFO] LogOutputStream:77 - [STDOUT_REDIRECT] 1 : Invalid condition id : UX_CORESTACK_Condition cause : null
2025-06-29 09:16:03,197 [INFO] LogOutputStream:77 - [STDOUT_REDIRECT] 1 : Invalid condition id : UX_CORESTACK_Condition cause : null
2025-06-29 09:16:03,199 [INFO] LogOutputStream:77 - [STDOUT_REDIRECT] 1 : Invalid condition id : UX_CORESTACK_Condition cause : null
2025-06-29 09:16:03,201 [INFO] LogOutputStream:77 - [STDOUT_REDIRECT] 1 : Invalid condition id : UX_CORESTACK_Condition cause : null
2025-06-29 09:16:03,202 [INFO] LogOutputStream:77 - [STDOUT_REDIRECT] 1 : Invalid condition id : UX_CORESTACK_Condition cause : null
2025-06-29 09:16:03,207 [WARN] PackLoader:240 - Cannot read IP mode file for STMicroelectronics.X-CUBE-AZRTOS-WL.2.0.0
2025-06-29 09:16:03,255 [WARN] PackLoader:240 - Cannot read IP mode file for STMicroelectronics.FP-SNS-MOTENV1.5.0.0
2025-06-29 09:16:03,299 [WARN] PackLoader:240 - Cannot read IP mode file for wolfSSL.I-CUBE-wolfMQTT.1.19.0
2025-06-29 09:16:03,327 [WARN] PackLoader:240 - Cannot read IP mode file for WES.I-CUBE-Cesium.1.3.0
2025-06-29 09:16:03,344 [WARN] PackLoader:240 - Cannot read IP mode file for STMicroelectronics.X-CUBE-BLE2.3.3.0
2025-06-29 09:16:03,366 [WARN] PackLoader:240 - Cannot read IP mode file for STMicroelectronics.X-CUBE-NFC9.1.0.0
2025-06-29 09:16:03,384 [WARN] PackLoader:240 - Cannot read IP mode file for STMicroelectronics.X-CUBE-BLE1.7.1.0
2025-06-29 09:16:03,408 [WARN] PackLoader:240 - Cannot read IP mode file for STMicroelectronics.X-CUBE-TCPP.4.1.0
2025-06-29 09:16:03,435 [WARN] PackLoader:240 - Cannot read IP mode file for STMicroelectronics.X-CUBE-AI.10.1.0
2025-06-29 09:16:03,540 [WARN] PackLoader:240 - Cannot read IP mode file for STMicroelectronics.X-CUBE-MEMS1.11.2.0
2025-06-29 09:16:03,852 [INFO] WebApp:448 - Apply proxy settings
2025-06-29 09:16:03,853 [INFO] WebApp:533 - Chromium requires no authentication
2025-06-29 09:16:03,854 [WARN] PackLoader:240 - Cannot read IP mode file for STMicroelectronics.X-CUBE-AZRTOS-G0.1.1.0
2025-06-29 09:16:03,883 [INFO] WebApp:476 - Direct internet connection detected
2025-06-29 09:16:03,890 [WARN] PackLoader:240 - Cannot read IP mode file for STMicroelectronics.X-CUBE-SAFEA1.1.2.2
2025-06-29 09:16:03,919 [WARN] PackLoader:240 - Cannot read IP mode file for STMicroelectronics.X-CUBE-NFC4.3.0.0
2025-06-29 09:16:03,950 [INFO] WebApp:869 - Register for checkConnection events
2025-06-29 09:16:03,950 [INFO] WebApp:448 - Apply proxy settings
2025-06-29 09:16:03,950 [INFO] WebApp:533 - Chromium requires no authentication
2025-06-29 09:16:03,951 [INFO] WebApp:476 - Direct internet connection detected
2025-06-29 09:16:03,956 [WARN] PackLoader:240 - Cannot read IP mode file for EmbeddedOffice.I-CUBE-FS-RTOS.1.0.1
2025-06-29 09:16:03,958 [ERROR] ConditionMgr:805 - Attr not supported : Dmpu
2025-06-29 09:16:03,958 [ERROR] ConditionMgr:805 - Attr not supported : Dmpu
2025-06-29 09:16:03,958 [ERROR] ConditionMgr:805 - Attr not supported : Dmpu
2025-06-29 09:16:03,958 [ERROR] ConditionMgr:805 - Attr not supported : Dmpu
2025-06-29 09:16:03,958 [ERROR] ConditionMgr:805 - Attr not supported : Dmpu
2025-06-29 09:16:03,958 [ERROR] ConditionMgr:805 - Attr not supported : Dmpu
2025-06-29 09:16:03,958 [ERROR] ConditionMgr:805 - Attr not supported : Dmpu
2025-06-29 09:16:03,958 [ERROR] ConditionMgr:805 - Attr not supported : Dmpu
2025-06-29 09:16:03,958 [ERROR] ConditionMgr:805 - Attr not supported : Dmpu
2025-06-29 09:16:03,958 [ERROR] ConditionMgr:805 - Attr not supported : Dmpu
2025-06-29 09:16:03,959 [ERROR] ConditionMgr:805 - Attr not supported : Dmpu
2025-06-29 09:16:03,959 [ERROR] ConditionMgr:805 - Attr not supported : Dmpu
2025-06-29 09:16:03,959 [ERROR] ConditionMgr:805 - Attr not supported : Dmpu
2025-06-29 09:16:03,959 [ERROR] ConditionMgr:805 - Attr not supported : Dmpu
2025-06-29 09:16:03,959 [ERROR] ConditionMgr:805 - Attr not supported : Dmpu
2025-06-29 09:16:03,959 [ERROR] ConditionMgr:805 - Attr not supported : Dmpu
2025-06-29 09:16:03,959 [ERROR] ConditionMgr:805 - Attr not supported : Dmpu
2025-06-29 09:16:03,959 [ERROR] ConditionMgr:805 - Attr not supported : Dmpu
2025-06-29 09:16:03,959 [ERROR] ConditionMgr:805 - Attr not supported : Dmpu
2025-06-29 09:16:03,959 [ERROR] ConditionMgr:805 - Attr not supported : Dmpu
2025-06-29 09:16:03,959 [ERROR] ConditionMgr:805 - Attr not supported : Dmpu
2025-06-29 09:16:03,959 [ERROR] ConditionMgr:805 - Attr not supported : Dmpu
2025-06-29 09:16:03,959 [ERROR] ConditionMgr:805 - Attr not supported : Dmpu
2025-06-29 09:16:03,959 [ERROR] ConditionMgr:805 - Attr not supported : Dmpu
2025-06-29 09:16:03,959 [ERROR] ConditionMgr:805 - Attr not supported : Dmpu
2025-06-29 09:16:03,959 [ERROR] ConditionMgr:805 - Attr not supported : Dmpu
2025-06-29 09:16:03,959 [ERROR] ConditionMgr:805 - Attr not supported : Dmpu
2025-06-29 09:16:03,959 [ERROR] ConditionMgr:805 - Attr not supported : Dmpu
2025-06-29 09:16:03,959 [ERROR] ConditionMgr:805 - Attr not supported : Dmpu
2025-06-29 09:16:03,960 [ERROR] ConditionMgr:805 - Attr not supported : Dmpu
2025-06-29 09:16:03,960 [ERROR] ConditionMgr:805 - Attr not supported : Dmpu
2025-06-29 09:16:03,960 [ERROR] ConditionMgr:805 - Attr not supported : Dmpu
2025-06-29 09:16:03,960 [ERROR] ConditionMgr:805 - Attr not supported : Dmpu
2025-06-29 09:16:03,960 [ERROR] ConditionMgr:805 - Attr not supported : Dmpu
2025-06-29 09:16:03,960 [ERROR] ConditionMgr:805 - Attr not supported : Dmpu
2025-06-29 09:16:03,960 [ERROR] ConditionMgr:805 - Attr not supported : Dmpu
2025-06-29 09:16:03,960 [ERROR] ConditionMgr:805 - Attr not supported : Dmpu
2025-06-29 09:16:03,960 [ERROR] ConditionMgr:805 - Attr not supported : Dmpu
2025-06-29 09:16:03,960 [ERROR] ConditionMgr:805 - Attr not supported : Dmpu
2025-06-29 09:16:03,960 [ERROR] ConditionMgr:805 - Attr not supported : Dmpu
2025-06-29 09:16:03,960 [ERROR] ConditionMgr:805 - Attr not supported : Dmpu
2025-06-29 09:16:03,960 [ERROR] ConditionMgr:805 - Attr not supported : Dmpu
2025-06-29 09:16:03,961 [ERROR] ConditionMgr:805 - Attr not supported : Dmpu
2025-06-29 09:16:03,961 [ERROR] ConditionMgr:805 - Attr not supported : Dmpu
2025-06-29 09:16:03,961 [ERROR] ConditionMgr:805 - Attr not supported : Dmpu
2025-06-29 09:16:03,961 [ERROR] ConditionMgr:805 - Attr not supported : Dmpu
2025-06-29 09:16:03,961 [ERROR] ConditionMgr:805 - Attr not supported : Dmpu
2025-06-29 09:16:03,961 [ERROR] ConditionMgr:805 - Attr not supported : Dmpu
2025-06-29 09:16:03,961 [ERROR] ConditionMgr:805 - Attr not supported : Dmpu
2025-06-29 09:16:03,961 [ERROR] ConditionMgr:805 - Attr not supported : Dmpu
2025-06-29 09:16:03,961 [ERROR] ConditionMgr:805 - Attr not supported : Dmpu
2025-06-29 09:16:03,961 [ERROR] ConditionMgr:805 - Attr not supported : Dmpu
2025-06-29 09:16:03,961 [ERROR] ConditionMgr:805 - Attr not supported : Dmpu
2025-06-29 09:16:03,962 [ERROR] ConditionMgr:805 - Attr not supported : Dmpu
2025-06-29 09:16:03,962 [ERROR] ConditionMgr:805 - Attr not supported : Dmpu
2025-06-29 09:16:03,962 [ERROR] ConditionMgr:805 - Attr not supported : Dmpu
2025-06-29 09:16:03,962 [ERROR] ConditionMgr:805 - Attr not supported : Dmpu
2025-06-29 09:16:03,962 [ERROR] ConditionMgr:805 - Attr not supported : Dmpu
2025-06-29 09:16:03,962 [ERROR] ConditionMgr:805 - Attr not supported : Dmpu
2025-06-29 09:16:03,962 [ERROR] ConditionMgr:805 - Attr not supported : Dmpu
2025-06-29 09:16:03,962 [ERROR] ConditionMgr:805 - Attr not supported : Dmpu
2025-06-29 09:16:03,962 [ERROR] ConditionMgr:805 - Attr not supported : Dmpu
2025-06-29 09:16:03,962 [ERROR] ConditionMgr:805 - Attr not supported : Dmpu
2025-06-29 09:16:03,962 [ERROR] ConditionMgr:805 - Attr not supported : Dmpu
2025-06-29 09:16:03,989 [WARN] PackLoader:240 - Cannot read IP mode file for STMicroelectronics.X-CUBE-WB05N.2.0.0
2025-06-29 09:16:04,017 [ERROR] Engine:466 - C:\Users\tranc\.stm32cubemx\thirdparties\pdsc\STMicroelectronics.X-CUBE-TCPP.4.2.0.pdsc: PDSC version is not supported
2025-06-29 09:16:04,126 [WARN] PackLoader:240 - Cannot read IP mode file for RealThread.X-CUBE-RT-Thread_Nano.4.1.1
2025-06-29 09:16:04,167 [WARN] PackLoader:240 - Cannot read IP mode file for STMicroelectronics.FP-ATR-SIGFOX1.3.2.0
2025-06-29 09:16:04,232 [WARN] ConditionMgr:438 - getConditionDescription Invalid condition id : Cortex-A Device cause : null
2025-06-29 09:16:04,276 [INFO] WebApp:186 - Connection restablished
2025-06-29 09:16:04,302 [WARN] ConditionMgr:1039 - genDependencies : Invalid condition id : Cortex-A Device cause : null
2025-06-29 09:16:04,302 [WARN] ConditionMgr:1039 - genDependencies : Invalid condition id : Cortex-A Device cause : null
2025-06-29 09:16:04,302 [WARN] ConditionMgr:1039 - genDependencies : Invalid condition id : Cortex-A Device cause : null
2025-06-29 09:16:04,367 [WARN] PackLoader:240 - Cannot read IP mode file for STMicroelectronics.X-CUBE-EEPRMA1.5.1.0
2025-06-29 09:16:04,398 [WARN] PackLoader:240 - Cannot read IP mode file for wolfSSL.I-CUBE-wolfSSL.5.7.4
2025-06-29 09:16:04,437 [WARN] PackLoader:240 - Cannot read IP mode file for ITTIA_DB.I-CUBE-ITTIADB.8.9.0
2025-06-29 09:16:04,472 [INFO] WebApp:220 - Starting web application
2025-06-29 09:16:04,473 [INFO] WebApp:578 - Web application path used C:\ST\STM32CubeIDE_1.16.1\STM32CubeIDE\plugins\com.st.stm32cube.common.mx_6.12.1.202409122256\db\plugins\mcufinder\reactClient1\index.html
2025-06-29 09:16:04,505 [ERROR] Engine:466 - C:\Users\tranc\.stm32cubemx\thirdparties\pdsc\STMicroelectronics.X-CUBE-ST67W61.1.0.0.pdsc: PDSC version is not supported
2025-06-29 09:16:04,624 [WARN] PackLoader:240 - Cannot read IP mode file for SEGGER.I-CUBE-embOS.1.3.1
2025-06-29 09:16:04,869 [WARN] PackLoader:240 - Cannot read IP mode file for STMicroelectronics.X-CUBE-ALGOBUILD.1.4.0
2025-06-29 09:16:04,891 [INFO] UserAuth:417 - Internet connection configuration mode: 1
2025-06-29 09:16:05,077 [WARN] PackLoader:240 - Cannot read IP mode file for STMicroelectronics.X-CUBE-MEMS1.11.3.0
2025-06-29 09:16:05,474 [WARN] PackLoader:240 - Cannot read IP mode file for STMicroelectronics.X-CUBE-AI.9.1.0
2025-06-29 09:16:05,510 [WARN] PackLoader:240 - Cannot read IP mode file for STMicroelectronics.X-CUBE-PM33A1.1.0.0
2025-06-29 09:16:05,569 [WARN] PackLoader:240 - Cannot read IP mode file for STMicroelectronics.X-CUBE-AZRTOS-F4.1.1.0
2025-06-29 09:16:05,600 [ERROR] Engine:466 - C:\Users\tranc\.stm32cubemx\thirdparties\pdsc\Avnet-IotConnect.X-CUBE-IoTC-DA16k-PMOD.1.0.0.pdsc: PDSC version is not supported
2025-06-29 09:16:05,624 [WARN] PackLoader:240 - Cannot read IP mode file for STMicroelectronics.X-CUBE-ISPU.2.1.0
2025-06-29 09:16:05,650 [WARN] PackLoader:240 - Cannot read IP mode file for STMicroelectronics.X-CUBE-FREERTOS.1.2.0
2025-06-29 09:16:05,693 [WARN] PackLoader:240 - Cannot read IP mode file for STMicroelectronics.X-CUBE-AZRTOS-L5.2.0.0
2025-06-29 09:16:05,717 [WARN] PackLoader:240 - Cannot read IP mode file for STMicroelectronics.X-CUBE-NFC6.3.1.0
2025-06-29 09:16:05,736 [WARN] PackLoader:240 - Cannot read IP mode file for STMicroelectronics.X-CUBE-DPower.1.2.0
2025-06-29 09:16:05,757 [WARN] PackLoader:240 - Cannot read IP mode file for STMicroelectronics.X-CUBE-FREERTOS.1.3.1
2025-06-29 09:16:05,782 [WARN] PackLoader:240 - Cannot read IP mode file for STMicroelectronics.X-CUBE-FREERTOS.1.3.0
2025-06-29 09:16:05,803 [WARN] PackLoader:240 - Cannot read IP mode file for STMicroelectronics.X-CUBE-NFC7.1.0.1
2025-06-29 09:16:05,832 [ERROR] Engine:466 - C:\Users\tranc\.stm32cubemx\thirdparties\pdsc\STMicroelectronics.FP-SNS-STAIOTCFT.1.0.0.pdsc: PDSC version is not supported
2025-06-29 09:16:05,855 [WARN] PackLoader:240 - Cannot read IP mode file for STMicroelectronics.X-CUBE-DPower.1.3.0
2025-06-29 09:16:05,903 [WARN] ConditionMgr:438 - getConditionDescription Invalid condition id : LAN8742 Phy interface Condition cause : null
2025-06-29 09:16:05,903 [WARN] PackLoader:240 - Cannot read IP mode file for STMicroelectronics.X-CUBE-AZRTOS-L4.2.0.0
2025-06-29 09:16:05,904 [WARN] ConditionMgr:1039 - genDependencies : Invalid condition id : LAN8742 Phy interface Condition cause : null
2025-06-29 09:16:05,906 [WARN] ConditionMgr:1039 - genDependencies : Invalid condition id : LAN8742 Phy interface Condition cause : null
2025-06-29 09:16:05,906 [WARN] ConditionMgr:1039 - genDependencies : Invalid condition id : LAN8742 Phy interface Condition cause : null
2025-06-29 09:16:05,933 [WARN] PackLoader:240 - Cannot read IP mode file for STMicroelectronics.X-CUBE-SFXS2LP1.4.0.0
2025-06-29 09:16:06,066 [WARN] PackLoader:240 - Cannot read IP mode file for STMicroelectronics.X-CUBE-AZRTOS-H7.3.3.0
2025-06-29 09:16:06,127 [WARN] PackLoader:240 - Cannot read IP mode file for STMicroelectronics.X-CUBE-IPS.3.0.0
2025-06-29 09:16:06,179 [WARN] ConditionMgr:438 - getConditionDescription Invalid condition id : UX DEVICE CLASS RTOS Condition cause : null
2025-06-29 09:16:06,179 [WARN] ConditionMgr:438 - getConditionDescription Invalid condition id : UX DEVICE CLASS RTOS Condition cause : null
2025-06-29 09:16:06,180 [WARN] PackLoader:240 - Cannot read IP mode file for STMicroelectronics.X-CUBE-AZRTOS-WB.2.0.0
2025-06-29 09:16:06,182 [WARN] ConditionMgr:1039 - genDependencies : Invalid condition id : UX DEVICE CLASS RTOS Condition cause : null
2025-06-29 09:16:06,182 [WARN] ConditionMgr:1039 - genDependencies : Invalid condition id : UX DEVICE CLASS RTOS Condition cause : null
2025-06-29 09:16:06,182 [WARN] ConditionMgr:1039 - genDependencies : Invalid condition id : UX DEVICE CLASS RTOS Condition cause : null
2025-06-29 09:16:06,182 [WARN] ConditionMgr:1039 - genDependencies : Invalid condition id : UX DEVICE CLASS RTOS Condition cause : null
2025-06-29 09:16:06,183 [WARN] ConditionMgr:1039 - genDependencies : Invalid condition id : UX DEVICE CLASS RTOS Condition cause : null
2025-06-29 09:16:06,222 [WARN] PackLoader:240 - Cannot read IP mode file for STMicroelectronics.X-CUBE-GNSS1.7.0.0
2025-06-29 09:16:06,245 [WARN] PackLoader:240 - Cannot read IP mode file for STMicroelectronics.X-CUBE-GNSS1.7.0.1
2025-06-29 09:16:06,269 [WARN] PackLoader:240 - Cannot read IP mode file for STMicroelectronics.X-CUBE-TOUCHGFX.4.25.0
2025-06-29 09:16:06,293 [WARN] PackLoader:240 - Cannot read IP mode file for STMicroelectronics.FP-SNS-STBOX1.2.0.0
2025-06-29 09:16:06,318 [WARN] PackLoader:240 - Cannot read IP mode file for STMicroelectronics.X-CUBE-SUBG2.5.0.0
2025-06-29 09:16:06,366 [WARN] PackLoader:240 - Cannot read IP mode file for STMicroelectronics.X-CUBE-AZRTOS-H7RS.1.1.0
2025-06-29 09:16:06,388 [WARN] PackLoader:240 - Cannot read IP mode file for Cesanta.I-CUBE-Mongoose.7.13.0
2025-06-29 09:16:06,417 [WARN] PackLoader:240 - Cannot read IP mode file for STMicroelectronics.X-CUBE-AZRTOS-G4.2.0.0
2025-06-29 09:16:06,436 [WARN] PackLoader:240 - Cannot read IP mode file for STMicroelectronics.X-CUBE-NFC7.2.0.0
2025-06-29 09:16:06,462 [ERROR] Engine:466 - C:\Users\tranc\.stm32cubemx\thirdparties\pdsc\STMicroelectronics.X-CUBE-IPS.3.1.0.pdsc: PDSC version is not supported
2025-06-29 09:16:06,494 [WARN] PackLoader:240 - Cannot read IP mode file for STMicroelectronics.X-CUBE-ALS.1.0.2
2025-06-29 09:16:06,516 [WARN] PackLoader:240 - Cannot read IP mode file for STMicroelectronics.X-CUBE-TOUCHGFX.4.24.2
2025-06-29 09:16:06,533 [WARN] PackLoader:240 - Cannot read IP mode file for STMicroelectronics.X-CUBE-TOUCHGFX.4.24.1
2025-06-29 09:16:06,550 [WARN] PackLoader:240 - Cannot read IP mode file for wolfSSL.I-CUBE-wolfTPM.3.4.0
2025-06-29 09:16:06,572 [WARN] PackLoader:240 - Cannot read IP mode file for portGmbH.I-Cube-SoM-uGOAL.1.1.0
2025-06-29 09:16:06,614 [WARN] PackLoader:240 - Cannot read IP mode file for STMicroelectronics.X-CUBE-AZRTOS-H7RS.1.0.0
2025-06-29 09:16:06,649 [WARN] PackLoader:240 - Cannot read IP mode file for STMicroelectronics.X-CUBE-TOF1.3.4.2
2025-06-29 09:16:06,679 [ERROR] Engine:466 - C:\Users\tranc\.stm32cubemx\thirdparties\pdsc\STMicroelectronics.X-CUBE-TOF1.3.4.3.pdsc: PDSC version is not supported
2025-06-29 09:16:06,716 [WARN] PackLoader:240 - Cannot read IP mode file for Infineon.AIROC-Wi-Fi-Bluetooth-STM32.1.6.1
2025-06-29 09:16:06,750 [WARN] PackLoader:240 - Cannot read IP mode file for wolfSSL.I-CUBE-wolfSSH.1.4.17
2025-06-29 09:16:06,751 [INFO] ThirdParty:978 - Integrity check success = true
2025-06-29 09:16:06,751 [INFO] IntegrityCheckThread:100 - exiting critical section [integrity check]
2025-06-29 09:16:06,751 [INFO] IntegrityCheckThread:103 - End integrity checks thread
2025-06-29 09:16:29,148 [ERROR] LogOutputStream:75 - [STDERR_REDIRECT] 
2025-06-29 09:16:29,150 [ERROR] LogOutputStream:75 - [STDERR_REDIRECT] 
2025-06-29 16:43:24,581 [INFO] Activator:176 - 


2025-06-29 16:43:24,585 [INFO] Activator:177 - !SESSION log4j initialized
2025-06-29 16:43:28,134 [INFO] LogOutputStream:77 - [STDOUT_REDIRECT] 
2025-06-29 16:43:29,949 [INFO] ApplicationProperties:184 - Using Application install path: C:\ST\STM32CubeIDE_1.16.1\STM32CubeIDE\plugins\com.st.stm32cube.common.mx_6.12.1.202409122256
2025-06-29 16:43:29,969 [INFO] DbMcusXml:78 - Set database path to: C:\ST\STM32CubeIDE_1.16.1\STM32CubeIDE\plugins\com.st.stm32cube.common.mx_6.12.1.202409122256\\db\/mcu/
2025-06-29 16:43:29,970 [INFO] ApiDb:274 - Set plugin database path to: C:\ST\STM32CubeIDE_1.16.1\STM32CubeIDE\plugins\com.st.stm32cube.common.mx_6.12.1.202409122256\\db\/plugins/boardmanager/
2025-06-29 16:43:29,970 [WARN] ApiDb:259 - Overriding images path with different value:  => C:\ST\STM32CubeIDE_1.16.1\STM32CubeIDE\plugins\com.st.stm32cube.common.mx_6.12.1.202409122256\\db\/plugins/mcufinder/images/
2025-06-29 16:43:29,976 [INFO] ApiDb:250 - Set database path to: C:\Users\tranc\.stmcufinder\plugins\mcufinder//mcu/
2025-06-29 16:43:29,978 [INFO] DbMcusAds:125 - Set database path to: C:\Users\tranc\.stmcufinder\plugins\mcufinder//mcu/
2025-06-29 16:43:29,981 [INFO] CrossReferenceDbSqlite:203 - Set database path to: C:\Users\tranc\.stmcufinder\plugins\mcufinder//mcu/cs/
2025-06-29 16:43:30,100 [INFO] RulesReader:64 - Compatibility file has been processed (297 Rules)
2025-06-29 16:43:30,193 [INFO] DbMcusXml:78 - Set database path to: C:\ST\STM32CubeIDE_1.16.1\STM32CubeIDE\plugins\com.st.stm32cube.common.mx_6.12.1.202409122256\\db\/mcu/
2025-06-29 16:43:30,193 [INFO] ApiDb:274 - Set plugin database path to: C:\ST\STM32CubeIDE_1.16.1\STM32CubeIDE\plugins\com.st.stm32cube.common.mx_6.12.1.202409122256\\db\/plugins/boardmanager/
2025-06-29 16:43:30,193 [INFO] ApiDb:261 - Set plugin images path to: C:\ST\STM32CubeIDE_1.16.1\STM32CubeIDE\plugins\com.st.stm32cube.common.mx_6.12.1.202409122256\\db\/plugins/mcufinder/images/
2025-06-29 16:43:30,193 [WARN] DbFile:41 - Overriding database path with different value: C:\Users\tranc\.stmcufinder\plugins\mcufinder/ => C:\Users\tranc\.stmcufinder\plugins\mcufinder
2025-06-29 16:43:30,194 [INFO] ApiDb:250 - Set database path to: C:\Users\tranc\.stmcufinder\plugins\mcufinder//mcu/
2025-06-29 16:43:30,194 [WARN] DbFile:41 - Overriding database path with different value: C:\Users\tranc\.stmcufinder\plugins\mcufinder/ => C:\Users\tranc\.stmcufinder\plugins\mcufinder
2025-06-29 16:43:30,194 [INFO] DbMcusAds:125 - Set database path to: C:\Users\tranc\.stmcufinder\plugins\mcufinder//mcu/
2025-06-29 16:43:30,194 [WARN] DbFile:41 - Overriding database path with different value: C:\Users\tranc\.stmcufinder\plugins\mcufinder/ => C:\Users\tranc\.stmcufinder\plugins\mcufinder
2025-06-29 16:43:30,194 [WARN] DbFile:41 - Overriding database path with different value: C:\Users\tranc\.stmcufinder\plugins\mcufinder/ => C:\Users\tranc\.stmcufinder\plugins\mcufinder
2025-06-29 16:43:30,194 [INFO] CrossReferenceDbSqlite:203 - Set database path to: C:\Users\tranc\.stmcufinder\plugins\mcufinder//mcu/cs/
2025-06-29 16:43:30,277 [INFO] MainPanel:268 - HeapMemory: 268435456
2025-06-29 16:43:30,360 [INFO] DbMcusXml:78 - Set database path to: C:\ST\STM32CubeIDE_1.16.1\STM32CubeIDE\plugins\com.st.stm32cube.common.mx_6.12.1.202409122256\\db\/mcu/
2025-06-29 16:43:30,360 [INFO] ApiDb:274 - Set plugin database path to: C:\ST\STM32CubeIDE_1.16.1\STM32CubeIDE\plugins\com.st.stm32cube.common.mx_6.12.1.202409122256\\db\/plugins/boardmanager/
2025-06-29 16:43:30,360 [INFO] ApiDb:261 - Set plugin images path to: C:\ST\STM32CubeIDE_1.16.1\STM32CubeIDE\plugins\com.st.stm32cube.common.mx_6.12.1.202409122256\\db\/plugins/mcufinder/images/
2025-06-29 16:43:30,360 [WARN] DbFile:41 - Overriding database path with different value: C:\Users\tranc\.stmcufinder\plugins\mcufinder/ => C:\Users\tranc\.stmcufinder\plugins\mcufinder
2025-06-29 16:43:30,360 [INFO] ApiDb:250 - Set database path to: C:\Users\tranc\.stmcufinder\plugins\mcufinder//mcu/
2025-06-29 16:43:30,360 [WARN] DbFile:41 - Overriding database path with different value: C:\Users\tranc\.stmcufinder\plugins\mcufinder/ => C:\Users\tranc\.stmcufinder\plugins\mcufinder
2025-06-29 16:43:30,360 [INFO] DbMcusAds:125 - Set database path to: C:\Users\tranc\.stmcufinder\plugins\mcufinder//mcu/
2025-06-29 16:43:30,360 [WARN] DbFile:41 - Overriding database path with different value: C:\Users\tranc\.stmcufinder\plugins\mcufinder/ => C:\Users\tranc\.stmcufinder\plugins\mcufinder
2025-06-29 16:43:30,360 [WARN] DbFile:41 - Overriding database path with different value: C:\Users\tranc\.stmcufinder\plugins\mcufinder/ => C:\Users\tranc\.stmcufinder\plugins\mcufinder
2025-06-29 16:43:30,361 [INFO] CrossReferenceDbSqlite:203 - Set database path to: C:\Users\tranc\.stmcufinder\plugins\mcufinder//mcu/cs/
2025-06-29 16:43:30,380 [INFO] ApplicationProperties:184 - Using Application install path: C:\ST\STM32CubeIDE_1.16.1\STM32CubeIDE\plugins\com.st.stm32cube.common.mx_6.12.1.202409122256
2025-06-29 16:43:30,382 [INFO] PluginManage:196 - Search for loadable plugins [exclusion list=, ]
2025-06-29 16:43:30,384 [INFO] PluginManage:310 - Check plugin analytics
2025-06-29 16:43:30,555 [INFO] AnalyticsPlugin:253 - Accepted Software Licenses: STM32CubeMX.6.12.1
2025-06-29 16:43:30,556 [INFO] AnalyticsPlugin:255 - Accepted CMSIS Pack Licenses: 
2025-06-29 16:43:30,556 [INFO] AnalyticsPlugin:257 - Accepted Firmware Licenses: FW.WL.1.3.0,FW.G4.1.6.0,FW.F4.1.28.0
2025-06-29 16:43:30,558 [INFO] PluginManage:359 - Loaded plugin analytics (category:tool,tabindex:-1)
2025-06-29 16:43:30,559 [INFO] PluginManage:310 - Check plugin cadmodel
2025-06-29 16:43:30,564 [INFO] CADModel:105 - Init CAD model plugin
2025-06-29 16:43:30,565 [INFO] PluginManage:359 - Loaded plugin cadmodel (category:power,tabindex:5)
2025-06-29 16:43:30,565 [INFO] PluginManage:310 - Check plugin clock
2025-06-29 16:43:30,576 [INFO] PluginManage:359 - Loaded plugin clock (category:base,tabindex:2)
2025-06-29 16:43:30,576 [INFO] PluginManage:310 - Check plugin ddr
2025-06-29 16:43:30,579 [INFO] PluginManage:359 - Loaded plugin ddr (category:tool,tabindex:6)
2025-06-29 16:43:30,579 [INFO] PluginManage:310 - Check plugin filemanager
2025-06-29 16:43:30,743 [INFO] PluginManage:359 - Loaded plugin filemanager (category:base,tabindex:10)
2025-06-29 16:43:30,744 [INFO] PluginManage:310 - Check plugin ipmanager
2025-06-29 16:43:30,752 [INFO] PluginManage:359 - Loaded plugin ipmanager (category:base,tabindex:5)
2025-06-29 16:43:30,752 [INFO] PluginManage:310 - Check plugin lpbam
2025-06-29 16:43:30,763 [INFO] PluginManage:359 - Loaded plugin lpbam (category:base,tabindex:0)
2025-06-29 16:43:30,763 [INFO] PluginManage:310 - Check plugin memorymap
2025-06-29 16:43:30,778 [INFO] PluginManage:359 - Loaded plugin memorymap (category:base,tabindex:4)
2025-06-29 16:43:30,779 [INFO] PluginManage:310 - Check plugin pinoutandconfiguration
2025-06-29 16:43:30,787 [INFO] PluginManage:359 - Loaded plugin pinoutandconfiguration (category:base,tabindex:1)
2025-06-29 16:43:30,788 [INFO] PluginManage:310 - Check plugin pinoutconfig
2025-06-29 16:43:30,888 [WARN] SupportedApi:132 - Cannot load RTOS API schema: s4s-elt-must-match.1: The content of 'definitions' must match (annotation?, (simpleType | complexType)?, (unique | key | keyref)*)). A problem was found starting at: attribute.
2025-06-29 16:43:31,033 [INFO] PluginManage:359 - Loaded plugin pinoutconfig (category:base,tabindex:0)
2025-06-29 16:43:31,033 [INFO] PluginManage:310 - Check plugin power
2025-06-29 16:43:31,044 [INFO] PluginManage:359 - Loaded plugin power (category:power,tabindex:4)
2025-06-29 16:43:31,045 [INFO] PluginManage:310 - Check plugin projectmanager
2025-06-29 16:43:31,071 [INFO] PluginManage:359 - Loaded plugin projectmanager (category:projectmanager,tabindex:4)
2025-06-29 16:43:31,071 [INFO] PluginManage:310 - Check plugin rif
2025-06-29 16:43:31,075 [INFO] PluginManage:359 - Loaded plugin rif (category:base,tabindex:3)
2025-06-29 16:43:31,076 [INFO] PluginManage:310 - Check plugin thirdparty
2025-06-29 16:43:31,211 [INFO] PluginManage:359 - Loaded plugin thirdparty (category:base,tabindex:-1)
2025-06-29 16:43:31,211 [INFO] PluginManage:310 - Check plugin tools
2025-06-29 16:43:31,211 [WARN] IntegrityCheckThread:84 - waiting for thirdparty lock release [integrity check]
2025-06-29 16:43:31,211 [INFO] IntegrityCheckThread:86 - entering critical section [integrity check]
2025-06-29 16:43:31,211 [INFO] ThirdPartyUpdaterWithRetryManager:70 - Updater plugin not ready yet. [1/15]
2025-06-29 16:43:31,213 [INFO] PluginManage:359 - Loaded plugin tools (category:base,tabindex:7)
2025-06-29 16:43:31,213 [INFO] PluginManage:310 - Check plugin tutovideos
2025-06-29 16:43:31,371 [INFO] PluginManage:359 - Loaded plugin tutovideos (category:base,tabindex:-1)
2025-06-29 16:43:31,371 [INFO] PluginManage:310 - Check plugin updater
2025-06-29 16:43:31,386 [INFO] PluginManage:359 - Loaded plugin updater (category:base,tabindex:12)
2025-06-29 16:43:31,387 [INFO] PluginManage:310 - Check plugin userauth
2025-06-29 16:43:31,393 [INFO] UserAuth:113 - Init User Auth plugin
2025-06-29 16:43:31,393 [INFO] PluginManage:359 - Loaded plugin userauth (category:base,tabindex:14)
2025-06-29 16:43:31,394 [INFO] PluginManage:283 - PluginManage : Loaded plugins [18]
2025-06-29 16:43:31,576 [INFO] PinOutPanel:1561 - setPackage(No Configuration,No Configuration)
2025-06-29 16:43:31,654 [INFO] CADModel:165 - CPN selected for project level
2025-06-29 16:43:31,654 [INFO] CADModel:114 - Register for checkConnection events
2025-06-29 16:43:31,666 [INFO] IPUIPlugin:80 - create IPUIPlugin
2025-06-29 16:43:31,666 [INFO] PluginManager:220 - loadIPPluginJar : add adc
2025-06-29 16:43:31,669 [INFO] IPUIPlugin:80 - create IPUIPlugin
2025-06-29 16:43:31,669 [INFO] PluginManager:220 - loadIPPluginJar : add aes
2025-06-29 16:43:31,671 [INFO] IPUIPlugin:80 - create IPUIPlugin
2025-06-29 16:43:31,671 [INFO] PluginManager:220 - loadIPPluginJar : add can
2025-06-29 16:43:31,672 [INFO] IPUIPlugin:80 - create IPUIPlugin
2025-06-29 16:43:31,672 [INFO] PluginManager:220 - loadIPPluginJar : add comp
2025-06-29 16:43:31,673 [INFO] IPUIPlugin:80 - create IPUIPlugin
2025-06-29 16:43:31,673 [INFO] PluginManager:220 - loadIPPluginJar : add cryp
2025-06-29 16:43:31,676 [INFO] IPUIPlugin:80 - create IPUIPlugin
2025-06-29 16:43:31,676 [INFO] PluginManager:220 - loadIPPluginJar : add ddr_ctrl_phy
2025-06-29 16:43:31,677 [INFO] IPUIPlugin:80 - create IPUIPlugin
2025-06-29 16:43:31,677 [INFO] PluginManager:220 - loadIPPluginJar : add dfsdm
2025-06-29 16:43:31,681 [INFO] IPUIPlugin:80 - create IPUIPlugin
2025-06-29 16:43:31,681 [INFO] PluginManager:220 - loadIPPluginJar : add dma
2025-06-29 16:43:31,682 [INFO] IPUIPlugin:80 - create IPUIPlugin
2025-06-29 16:43:31,683 [INFO] PluginManager:220 - loadIPPluginJar : add dma3
2025-06-29 16:43:31,684 [INFO] IPUIPlugin:80 - create IPUIPlugin
2025-06-29 16:43:31,684 [INFO] PluginManager:220 - loadIPPluginJar : add extmemmanager
2025-06-29 16:43:31,685 [INFO] IPUIPlugin:80 - create IPUIPlugin
2025-06-29 16:43:31,685 [INFO] PluginManager:220 - loadIPPluginJar : add fatfs
2025-06-29 16:43:31,689 [INFO] IPUIPlugin:80 - create IPUIPlugin
2025-06-29 16:43:31,689 [INFO] PluginManager:220 - loadIPPluginJar : add fmc
2025-06-29 16:43:31,692 [INFO] IPUIPlugin:80 - create IPUIPlugin
2025-06-29 16:43:31,692 [INFO] PluginManager:220 - loadIPPluginJar : add freertos
2025-06-29 16:43:31,693 [INFO] IPUIPlugin:80 - create IPUIPlugin
2025-06-29 16:43:31,693 [INFO] PluginManager:220 - loadIPPluginJar : add genericplugin
2025-06-29 16:43:31,694 [INFO] IPUIPlugin:80 - create IPUIPlugin
2025-06-29 16:43:31,694 [INFO] PluginManager:220 - loadIPPluginJar : add gfxmmu
2025-06-29 16:43:31,698 [INFO] IPUIPlugin:80 - create IPUIPlugin
2025-06-29 16:43:31,698 [INFO] PluginManager:220 - loadIPPluginJar : add gic
2025-06-29 16:43:31,700 [INFO] IPUIPlugin:80 - create IPUIPlugin
2025-06-29 16:43:31,700 [INFO] PluginManager:220 - loadIPPluginJar : add gpio
2025-06-29 16:43:31,702 [INFO] IPUIPlugin:80 - create IPUIPlugin
2025-06-29 16:43:31,702 [INFO] PluginManager:220 - loadIPPluginJar : add gtzc
2025-06-29 16:43:31,703 [INFO] IPUIPlugin:80 - create IPUIPlugin
2025-06-29 16:43:31,703 [INFO] PluginManager:220 - loadIPPluginJar : add hash
2025-06-29 16:43:31,704 [INFO] IPUIPlugin:80 - create IPUIPlugin
2025-06-29 16:43:31,706 [INFO] PluginManager:220 - loadIPPluginJar : add i2c
2025-06-29 16:43:31,707 [INFO] IPUIPlugin:80 - create IPUIPlugin
2025-06-29 16:43:31,707 [INFO] PluginManager:220 - loadIPPluginJar : add i2s
2025-06-29 16:43:31,709 [INFO] IPUIPlugin:80 - create IPUIPlugin
2025-06-29 16:43:31,709 [INFO] PluginManager:220 - loadIPPluginJar : add i3c
2025-06-29 16:43:31,710 [INFO] IPUIPlugin:80 - create IPUIPlugin
2025-06-29 16:43:31,711 [INFO] PluginManager:220 - loadIPPluginJar : add ipddr
2025-06-29 16:43:31,715 [INFO] IPUIPlugin:80 - create IPUIPlugin
2025-06-29 16:43:31,715 [INFO] PluginManager:220 - loadIPPluginJar : add linkedlist
2025-06-29 16:43:31,718 [INFO] IPUIPlugin:80 - create IPUIPlugin
2025-06-29 16:43:31,718 [INFO] PluginManager:220 - loadIPPluginJar : add lorawan
2025-06-29 16:43:31,719 [INFO] IPUIPlugin:80 - create IPUIPlugin
2025-06-29 16:43:31,719 [INFO] PluginManager:220 - loadIPPluginJar : add ltdc
2025-06-29 16:43:31,723 [INFO] IPUIPlugin:80 - create IPUIPlugin
2025-06-29 16:43:31,723 [INFO] PluginManager:220 - loadIPPluginJar : add mdma
2025-06-29 16:43:31,726 [INFO] IPUIPlugin:80 - create IPUIPlugin
2025-06-29 16:43:31,726 [INFO] PluginManager:220 - loadIPPluginJar : add nvic
2025-06-29 16:43:31,729 [INFO] IPUIPlugin:80 - create IPUIPlugin
2025-06-29 16:43:31,729 [INFO] PluginManager:220 - loadIPPluginJar : add opamp
2025-06-29 16:43:31,733 [INFO] IPUIPlugin:80 - create IPUIPlugin
2025-06-29 16:43:31,733 [INFO] PluginManager:220 - loadIPPluginJar : add openamp
2025-06-29 16:43:31,735 [INFO] IPUIPlugin:80 - create IPUIPlugin
2025-06-29 16:43:31,736 [INFO] PluginManager:220 - loadIPPluginJar : add pdm2pcm
2025-06-29 16:43:31,741 [INFO] IPUIPlugin:80 - create IPUIPlugin
2025-06-29 16:43:31,743 [INFO] PluginManager:220 - loadIPPluginJar : add plateformsettings
2025-06-29 16:43:31,744 [INFO] IPUIPlugin:80 - create IPUIPlugin
2025-06-29 16:43:31,744 [INFO] PluginManager:220 - loadIPPluginJar : add quadspi
2025-06-29 16:43:31,746 [INFO] IPUIPlugin:80 - create IPUIPlugin
2025-06-29 16:43:31,746 [INFO] PluginManager:220 - loadIPPluginJar : add radio
2025-06-29 16:43:31,750 [INFO] IPUIPlugin:80 - create IPUIPlugin
2025-06-29 16:43:31,750 [INFO] PluginManager:220 - loadIPPluginJar : add resmgrutility
2025-06-29 16:43:31,753 [INFO] IPUIPlugin:80 - create IPUIPlugin
2025-06-29 16:43:31,753 [INFO] PluginManager:220 - loadIPPluginJar : add sai
2025-06-29 16:43:31,755 [INFO] IPUIPlugin:80 - create IPUIPlugin
2025-06-29 16:43:31,755 [INFO] PluginManager:220 - loadIPPluginJar : add spi
2025-06-29 16:43:31,761 [INFO] IPUIPlugin:80 - create IPUIPlugin
2025-06-29 16:43:31,761 [INFO] PluginManager:220 - loadIPPluginJar : add stm32_wpan
2025-06-29 16:43:31,762 [INFO] IPUIPlugin:80 - create IPUIPlugin
2025-06-29 16:43:31,763 [INFO] PluginManager:220 - loadIPPluginJar : add tim
2025-06-29 16:43:31,766 [INFO] IPUIPlugin:80 - create IPUIPlugin
2025-06-29 16:43:31,766 [INFO] PluginManager:220 - loadIPPluginJar : add touchsensing
2025-06-29 16:43:31,769 [INFO] IPUIPlugin:80 - create IPUIPlugin
2025-06-29 16:43:31,769 [INFO] PluginManager:220 - loadIPPluginJar : add tracer_emb
2025-06-29 16:43:31,771 [INFO] IPUIPlugin:80 - create IPUIPlugin
2025-06-29 16:43:31,771 [INFO] PluginManager:220 - loadIPPluginJar : add ts
2025-06-29 16:43:31,772 [INFO] IPUIPlugin:80 - create IPUIPlugin
2025-06-29 16:43:31,772 [INFO] PluginManager:220 - loadIPPluginJar : add tsc
2025-06-29 16:43:31,775 [INFO] IPUIPlugin:80 - create IPUIPlugin
2025-06-29 16:43:31,775 [INFO] PluginManager:220 - loadIPPluginJar : add ucpd
2025-06-29 16:43:31,777 [INFO] IPUIPlugin:80 - create IPUIPlugin
2025-06-29 16:43:31,777 [INFO] PluginManager:220 - loadIPPluginJar : add usart
2025-06-29 16:43:31,781 [INFO] IPUIPlugin:80 - create IPUIPlugin
2025-06-29 16:43:31,781 [INFO] PluginManager:220 - loadIPPluginJar : add usbx
2025-06-29 16:43:31,905 [INFO] CADModel:165 - CPN selected for project level
2025-06-29 16:43:31,905 [INFO] CADModel:114 - Register for checkConnection events
2025-06-29 16:43:31,905 [FATAL] Updater:334 - Updater called before beeing initialized
2025-06-29 16:43:31,905 [ERROR] CADModel:125 - Updater not yet initialized, retry later 
2025-06-29 16:43:32,021 [INFO] CADModel:165 - CPN selected for project level
2025-06-29 16:43:32,021 [INFO] CADModel:114 - Register for checkConnection events
2025-06-29 16:43:32,021 [FATAL] Updater:334 - Updater called before beeing initialized
2025-06-29 16:43:32,021 [ERROR] CADModel:125 - Updater not yet initialized, retry later 
2025-06-29 16:43:32,023 [FATAL] Updater:334 - Updater called before beeing initialized
2025-06-29 16:43:32,131 [FATAL] Updater:334 - Updater called before beeing initialized
2025-06-29 16:43:32,134 [INFO] DbMcusAds:53 - JSON generation date=Thu Jun 19 15:32:34 ICT 2025 (1750321954415)
2025-06-29 16:43:32,134 [FATAL] Updater:334 - Updater called before beeing initialized
2025-06-29 16:43:32,171 [WARN] DetailPanel:346 - Failed to get advertising image, set to default
2025-06-29 16:43:32,251 [FATAL] Updater:334 - Updater called before beeing initialized
2025-06-29 16:43:32,253 [FATAL] Updater:334 - Updater called before beeing initialized
2025-06-29 16:43:32,253 [FATAL] Updater:334 - Updater called before beeing initialized
2025-06-29 16:43:32,253 [WARN] DetailPanel:346 - Failed to get advertising image, set to default
2025-06-29 16:43:32,253 [FATAL] Updater:334 - Updater called before beeing initialized
2025-06-29 16:43:32,294 [ERROR] Updater:1164 - MainUpdater not yet initialized. External WinMGr cannot be set.
2025-06-29 16:43:32,295 [INFO] Updater:1100 - Updater Version found : 6.12.1
2025-06-29 16:43:32,308 [INFO] ApplicationProperties:184 - Using Application install path: C:\ST\STM32CubeIDE_1.16.1\STM32CubeIDE\plugins\com.st.stm32cube.common.mx_6.12.1.202409122256
2025-06-29 16:43:33,878 [ERROR] LogOutputStream:75 - [STDERR_REDIRECT] Jun 29, 2025 4:43:33 PM java.util.prefs.WindowsPreferences <init>
2025-06-29 16:43:33,879 [ERROR] LogOutputStream:75 - [STDERR_REDIRECT] WARNING: Could not open/create prefs root node Software\JavaSoft\Prefs at root 0xffffffff80000002. Windows RegCreateKeyEx(...) returned error code 5.
2025-06-29 16:43:33,879 [ERROR] LogOutputStream:75 - [STDERR_REDIRECT] 
2025-06-29 16:43:34,150 [INFO] MainUpdater:2873 - connection check result : 10
2025-06-29 16:43:34,151 [INFO] MainUpdater:290 - Updater Check For Update Now.
2025-06-29 16:43:34,151 [INFO] MicroXplorer:498 - Change Database Version : DB.6.0.121
2025-06-29 16:43:34,159 [INFO] McuFinderGlobals:63 - Set McuFinder mode to 2 (CubeIDE integrated)
2025-06-29 16:43:34,160 [INFO] UserAuth:417 - Internet connection configuration mode: 1
2025-06-29 16:43:34,174 [INFO] JxBrowserEngine:152 - Initiate JxBrowser Engine with user profile folder
2025-06-29 16:43:34,213 [WARN] MainUpdater:1194 - Updater busy. Cannot search thirdparties
2025-06-29 16:43:34,213 [INFO] ThirdPartyUpdaterWithRetryManager:96 - Updater plugin is busy. [1/15]
2025-06-29 16:43:34,345 [INFO] CheckServerUpdateThread:120 - End of CheckServer Thread
2025-06-29 16:43:34,842 [INFO] WebApp:167 - Instantiating new browser for Auth
2025-06-29 16:43:35,520 [INFO] WebApp:448 - Apply proxy settings
2025-06-29 16:43:35,520 [INFO] WebApp:533 - Chromium requires no authentication
2025-06-29 16:43:35,528 [INFO] WebApp:476 - Direct internet connection detected
2025-06-29 16:43:35,563 [INFO] WebApp:869 - Register for checkConnection events
2025-06-29 16:43:35,563 [INFO] WebApp:448 - Apply proxy settings
2025-06-29 16:43:35,564 [INFO] WebApp:533 - Chromium requires no authentication
2025-06-29 16:43:35,564 [INFO] WebApp:476 - Direct internet connection detected
2025-06-29 16:43:35,835 [INFO] WebApp:220 - Starting web application
2025-06-29 16:43:35,836 [INFO] WebApp:578 - Web application path used C:\ST\STM32CubeIDE_1.16.1\STM32CubeIDE\plugins\com.st.stm32cube.common.mx_6.12.1.202409122256\db\plugins\mcufinder\reactClient1\index.html
2025-06-29 16:43:35,869 [INFO] WebApp:186 - Connection restablished
2025-06-29 16:43:35,965 [INFO] UserAuth:417 - Internet connection configuration mode: 1
2025-06-29 16:43:37,490 [WARN] PackLoader:240 - Cannot read IP mode file for STMicroelectronics.FP-SNS-MOTENVWB1.1.4.0
2025-06-29 16:43:37,501 [WARN] PackLoader:240 - Cannot read IP mode file for STMicroelectronics.FP-ATR-ASTRA1.2.0.2
2025-06-29 16:43:37,506 [WARN] PackLoader:240 - Cannot read IP mode file for STMicroelectronics.FP-ATR-ASTRA1.2.0.1
2025-06-29 16:43:37,516 [WARN] PackLoader:240 - Cannot read IP mode file for STMicroelectronics.X-CUBE-SMBUS.2.1.0
2025-06-29 16:43:37,529 [WARN] PackLoader:240 - Cannot read IP mode file for STMicroelectronics.X-CUBE-WB05N.1.1.0
2025-06-29 16:43:37,534 [ERROR] Engine:466 - C:\Users\tranc\.stm32cubemx\thirdparties\pdsc\STMicroelectronics.X-CUBE-ST60.1.0.0.pdsc: PDSC version is not supported
2025-06-29 16:43:37,572 [WARN] PackLoader:240 - Cannot read IP mode file for STMicroelectronics.X-CUBE-AZRTOS-F7.1.1.0
2025-06-29 16:43:37,688 [WARN] PackLoader:240 - Cannot read IP mode file for STMicroelectronics.X-CUBE-MEMS1.11.0.0
2025-06-29 16:43:37,908 [WARN] PackLoader:240 - Cannot read IP mode file for STMicroelectronics.FP-SNS-FLIGHT1.5.0.2
2025-06-29 16:43:37,916 [WARN] PackLoader:240 - Cannot read IP mode file for STMicroelectronics.X-CUBE-DISPLAY.3.0.0
2025-06-29 16:43:37,925 [WARN] PackLoader:240 - Cannot read IP mode file for STMicroelectronics.X-CUBE-BLE1.7.0.0
2025-06-29 16:43:37,932 [WARN] PackLoader:240 - Cannot read IP mode file for STMicroelectronics.X-CUBE-NFC10.1.0.0
2025-06-29 16:43:37,945 [WARN] PackLoader:240 - Cannot read IP mode file for STMicroelectronics.X-CUBE-BLEMGR.4.0.0
2025-06-29 16:43:37,953 [WARN] PackLoader:240 - Cannot read IP mode file for emotas.I-CUBE-CANOPEN.1.3.0
2025-06-29 16:43:37,963 [WARN] PackLoader:240 - Cannot read IP mode file for STMicroelectronics.X-CUBE-BLEMGR.3.1.0
2025-06-29 16:43:37,969 [WARN] PackLoader:240 - Cannot read IP mode file for STMicroelectronics.X-CUBE-AI.10.0.0
2025-06-29 16:43:37,974 [WARN] PackLoader:240 - Cannot read IP mode file for STMicroelectronics.FP-SNS-SMARTAG2.1.2.0
2025-06-29 16:43:37,977 [ERROR] Engine:466 - C:\Users\tranc\.stm32cubemx\thirdparties\pdsc\STMicroelectronics.FP-SNS-FLIGHT1.5.1.0.pdsc: PDSC version is not supported
2025-06-29 16:43:38,035 [WARN] PackLoader:240 - Cannot read IP mode file for STMicroelectronics.X-CUBE-MEMS1.11.1.0
2025-06-29 16:43:38,176 [INFO] LogOutputStream:77 - [STDOUT_REDIRECT] 1 : Invalid condition id : UX_CORESTACK_Condition cause : null
2025-06-29 16:43:38,176 [INFO] LogOutputStream:77 - [STDOUT_REDIRECT] 1 : Invalid condition id : UX_CORESTACK_Condition cause : null
2025-06-29 16:43:38,178 [INFO] LogOutputStream:77 - [STDOUT_REDIRECT] 1 : Invalid condition id : UX_CORESTACK_Condition cause : null
2025-06-29 16:43:38,179 [INFO] LogOutputStream:77 - [STDOUT_REDIRECT] 1 : Invalid condition id : UX_CORESTACK_Condition cause : null
2025-06-29 16:43:38,181 [INFO] LogOutputStream:77 - [STDOUT_REDIRECT] 1 : Invalid condition id : UX_CORESTACK_Condition cause : null
2025-06-29 16:43:38,184 [WARN] PackLoader:240 - Cannot read IP mode file for STMicroelectronics.X-CUBE-AZRTOS-WL.2.0.0
2025-06-29 16:43:38,189 [WARN] PackLoader:240 - Cannot read IP mode file for STMicroelectronics.FP-SNS-MOTENV1.5.0.0
2025-06-29 16:43:38,196 [WARN] PackLoader:240 - Cannot read IP mode file for wolfSSL.I-CUBE-wolfMQTT.1.19.0
2025-06-29 16:43:38,202 [WARN] PackLoader:240 - Cannot read IP mode file for WES.I-CUBE-Cesium.1.3.0
2025-06-29 16:43:38,207 [WARN] PackLoader:240 - Cannot read IP mode file for STMicroelectronics.X-CUBE-BLE2.3.3.0
2025-06-29 16:43:38,213 [WARN] PackLoader:240 - Cannot read IP mode file for STMicroelectronics.X-CUBE-NFC9.1.0.0
2025-06-29 16:43:38,217 [WARN] PackLoader:240 - Cannot read IP mode file for STMicroelectronics.X-CUBE-BLE1.7.1.0
2025-06-29 16:43:38,223 [WARN] PackLoader:240 - Cannot read IP mode file for STMicroelectronics.X-CUBE-TCPP.4.1.0
2025-06-29 16:43:38,228 [WARN] PackLoader:240 - Cannot read IP mode file for STMicroelectronics.X-CUBE-AI.10.1.0
2025-06-29 16:43:38,294 [WARN] PackLoader:240 - Cannot read IP mode file for STMicroelectronics.X-CUBE-MEMS1.11.2.0
2025-06-29 16:43:38,479 [WARN] PackLoader:240 - Cannot read IP mode file for STMicroelectronics.X-CUBE-AZRTOS-G0.1.1.0
2025-06-29 16:43:38,487 [WARN] PackLoader:240 - Cannot read IP mode file for STMicroelectronics.X-CUBE-SAFEA1.1.2.2
2025-06-29 16:43:38,493 [WARN] PackLoader:240 - Cannot read IP mode file for STMicroelectronics.X-CUBE-NFC4.3.0.0
2025-06-29 16:43:38,504 [WARN] PackLoader:240 - Cannot read IP mode file for EmbeddedOffice.I-CUBE-FS-RTOS.1.0.1
2025-06-29 16:43:38,504 [ERROR] ConditionMgr:805 - Attr not supported : Dmpu
2025-06-29 16:43:38,504 [ERROR] ConditionMgr:805 - Attr not supported : Dmpu
2025-06-29 16:43:38,504 [ERROR] ConditionMgr:805 - Attr not supported : Dmpu
2025-06-29 16:43:38,504 [ERROR] ConditionMgr:805 - Attr not supported : Dmpu
2025-06-29 16:43:38,504 [ERROR] ConditionMgr:805 - Attr not supported : Dmpu
2025-06-29 16:43:38,504 [ERROR] ConditionMgr:805 - Attr not supported : Dmpu
2025-06-29 16:43:38,504 [ERROR] ConditionMgr:805 - Attr not supported : Dmpu
2025-06-29 16:43:38,504 [ERROR] ConditionMgr:805 - Attr not supported : Dmpu
2025-06-29 16:43:38,505 [ERROR] ConditionMgr:805 - Attr not supported : Dmpu
2025-06-29 16:43:38,505 [ERROR] ConditionMgr:805 - Attr not supported : Dmpu
2025-06-29 16:43:38,505 [ERROR] ConditionMgr:805 - Attr not supported : Dmpu
2025-06-29 16:43:38,505 [ERROR] ConditionMgr:805 - Attr not supported : Dmpu
2025-06-29 16:43:38,505 [ERROR] ConditionMgr:805 - Attr not supported : Dmpu
2025-06-29 16:43:38,505 [ERROR] ConditionMgr:805 - Attr not supported : Dmpu
2025-06-29 16:43:38,505 [ERROR] ConditionMgr:805 - Attr not supported : Dmpu
2025-06-29 16:43:38,505 [ERROR] ConditionMgr:805 - Attr not supported : Dmpu
2025-06-29 16:43:38,505 [ERROR] ConditionMgr:805 - Attr not supported : Dmpu
2025-06-29 16:43:38,506 [ERROR] ConditionMgr:805 - Attr not supported : Dmpu
2025-06-29 16:43:38,506 [ERROR] ConditionMgr:805 - Attr not supported : Dmpu
2025-06-29 16:43:38,506 [ERROR] ConditionMgr:805 - Attr not supported : Dmpu
2025-06-29 16:43:38,506 [ERROR] ConditionMgr:805 - Attr not supported : Dmpu
2025-06-29 16:43:38,506 [ERROR] ConditionMgr:805 - Attr not supported : Dmpu
2025-06-29 16:43:38,506 [ERROR] ConditionMgr:805 - Attr not supported : Dmpu
2025-06-29 16:43:38,506 [ERROR] ConditionMgr:805 - Attr not supported : Dmpu
2025-06-29 16:43:38,506 [ERROR] ConditionMgr:805 - Attr not supported : Dmpu
2025-06-29 16:43:38,506 [ERROR] ConditionMgr:805 - Attr not supported : Dmpu
2025-06-29 16:43:38,506 [ERROR] ConditionMgr:805 - Attr not supported : Dmpu
2025-06-29 16:43:38,506 [ERROR] ConditionMgr:805 - Attr not supported : Dmpu
2025-06-29 16:43:38,506 [ERROR] ConditionMgr:805 - Attr not supported : Dmpu
2025-06-29 16:43:38,506 [ERROR] ConditionMgr:805 - Attr not supported : Dmpu
2025-06-29 16:43:38,507 [ERROR] ConditionMgr:805 - Attr not supported : Dmpu
2025-06-29 16:43:38,507 [ERROR] ConditionMgr:805 - Attr not supported : Dmpu
2025-06-29 16:43:38,507 [ERROR] ConditionMgr:805 - Attr not supported : Dmpu
2025-06-29 16:43:38,507 [ERROR] ConditionMgr:805 - Attr not supported : Dmpu
2025-06-29 16:43:38,507 [ERROR] ConditionMgr:805 - Attr not supported : Dmpu
2025-06-29 16:43:38,507 [ERROR] ConditionMgr:805 - Attr not supported : Dmpu
2025-06-29 16:43:38,507 [ERROR] ConditionMgr:805 - Attr not supported : Dmpu
2025-06-29 16:43:38,507 [ERROR] ConditionMgr:805 - Attr not supported : Dmpu
2025-06-29 16:43:38,507 [ERROR] ConditionMgr:805 - Attr not supported : Dmpu
2025-06-29 16:43:38,507 [ERROR] ConditionMgr:805 - Attr not supported : Dmpu
2025-06-29 16:43:38,507 [ERROR] ConditionMgr:805 - Attr not supported : Dmpu
2025-06-29 16:43:38,507 [ERROR] ConditionMgr:805 - Attr not supported : Dmpu
2025-06-29 16:43:38,508 [ERROR] ConditionMgr:805 - Attr not supported : Dmpu
2025-06-29 16:43:38,508 [ERROR] ConditionMgr:805 - Attr not supported : Dmpu
2025-06-29 16:43:38,508 [ERROR] ConditionMgr:805 - Attr not supported : Dmpu
2025-06-29 16:43:38,508 [ERROR] ConditionMgr:805 - Attr not supported : Dmpu
2025-06-29 16:43:38,508 [ERROR] ConditionMgr:805 - Attr not supported : Dmpu
2025-06-29 16:43:38,508 [ERROR] ConditionMgr:805 - Attr not supported : Dmpu
2025-06-29 16:43:38,508 [ERROR] ConditionMgr:805 - Attr not supported : Dmpu
2025-06-29 16:43:38,508 [ERROR] ConditionMgr:805 - Attr not supported : Dmpu
2025-06-29 16:43:38,508 [ERROR] ConditionMgr:805 - Attr not supported : Dmpu
2025-06-29 16:43:38,508 [ERROR] ConditionMgr:805 - Attr not supported : Dmpu
2025-06-29 16:43:38,508 [ERROR] ConditionMgr:805 - Attr not supported : Dmpu
2025-06-29 16:43:38,508 [ERROR] ConditionMgr:805 - Attr not supported : Dmpu
2025-06-29 16:43:38,509 [ERROR] ConditionMgr:805 - Attr not supported : Dmpu
2025-06-29 16:43:38,509 [ERROR] ConditionMgr:805 - Attr not supported : Dmpu
2025-06-29 16:43:38,509 [ERROR] ConditionMgr:805 - Attr not supported : Dmpu
2025-06-29 16:43:38,509 [ERROR] ConditionMgr:805 - Attr not supported : Dmpu
2025-06-29 16:43:38,509 [ERROR] ConditionMgr:805 - Attr not supported : Dmpu
2025-06-29 16:43:38,509 [ERROR] ConditionMgr:805 - Attr not supported : Dmpu
2025-06-29 16:43:38,509 [ERROR] ConditionMgr:805 - Attr not supported : Dmpu
2025-06-29 16:43:38,509 [ERROR] ConditionMgr:805 - Attr not supported : Dmpu
2025-06-29 16:43:38,509 [ERROR] ConditionMgr:805 - Attr not supported : Dmpu
2025-06-29 16:43:38,509 [ERROR] ConditionMgr:805 - Attr not supported : Dmpu
2025-06-29 16:43:38,513 [WARN] PackLoader:240 - Cannot read IP mode file for STMicroelectronics.X-CUBE-WB05N.2.0.0
2025-06-29 16:43:38,517 [ERROR] Engine:466 - C:\Users\tranc\.stm32cubemx\thirdparties\pdsc\STMicroelectronics.X-CUBE-TCPP.4.2.0.pdsc: PDSC version is not supported
2025-06-29 16:43:38,523 [WARN] PackLoader:240 - Cannot read IP mode file for RealThread.X-CUBE-RT-Thread_Nano.4.1.1
2025-06-29 16:43:38,527 [WARN] PackLoader:240 - Cannot read IP mode file for STMicroelectronics.FP-ATR-SIGFOX1.3.2.0
2025-06-29 16:43:38,533 [WARN] ConditionMgr:438 - getConditionDescription Invalid condition id : Cortex-A Device cause : null
2025-06-29 16:43:38,559 [WARN] ConditionMgr:1039 - genDependencies : Invalid condition id : Cortex-A Device cause : null
2025-06-29 16:43:38,559 [WARN] ConditionMgr:1039 - genDependencies : Invalid condition id : Cortex-A Device cause : null
2025-06-29 16:43:38,559 [WARN] ConditionMgr:1039 - genDependencies : Invalid condition id : Cortex-A Device cause : null
2025-06-29 16:43:38,567 [WARN] PackLoader:240 - Cannot read IP mode file for STMicroelectronics.X-CUBE-EEPRMA1.5.1.0
2025-06-29 16:43:38,572 [WARN] PackLoader:240 - Cannot read IP mode file for wolfSSL.I-CUBE-wolfSSL.5.7.4
2025-06-29 16:43:38,578 [WARN] PackLoader:240 - Cannot read IP mode file for ITTIA_DB.I-CUBE-ITTIADB.8.9.0
2025-06-29 16:43:38,580 [ERROR] Engine:466 - C:\Users\tranc\.stm32cubemx\thirdparties\pdsc\STMicroelectronics.X-CUBE-ST67W61.1.0.0.pdsc: PDSC version is not supported
2025-06-29 16:43:38,615 [WARN] PackLoader:240 - Cannot read IP mode file for SEGGER.I-CUBE-embOS.1.3.1
2025-06-29 16:43:38,658 [WARN] PackLoader:240 - Cannot read IP mode file for STMicroelectronics.X-CUBE-ALGOBUILD.1.4.0
2025-06-29 16:43:38,701 [WARN] PackLoader:240 - Cannot read IP mode file for STMicroelectronics.X-CUBE-MEMS1.11.3.0
2025-06-29 16:43:38,849 [WARN] PackLoader:240 - Cannot read IP mode file for STMicroelectronics.X-CUBE-AI.9.1.0
2025-06-29 16:43:38,858 [WARN] PackLoader:240 - Cannot read IP mode file for STMicroelectronics.X-CUBE-PM33A1.1.0.0
2025-06-29 16:43:38,878 [WARN] PackLoader:240 - Cannot read IP mode file for STMicroelectronics.X-CUBE-AZRTOS-F4.1.1.0
2025-06-29 16:43:38,883 [ERROR] Engine:466 - C:\Users\tranc\.stm32cubemx\thirdparties\pdsc\Avnet-IotConnect.X-CUBE-IoTC-DA16k-PMOD.1.0.0.pdsc: PDSC version is not supported
2025-06-29 16:43:38,888 [WARN] PackLoader:240 - Cannot read IP mode file for STMicroelectronics.X-CUBE-ISPU.2.1.0
2025-06-29 16:43:38,893 [WARN] PackLoader:240 - Cannot read IP mode file for STMicroelectronics.X-CUBE-FREERTOS.1.2.0
2025-06-29 16:43:38,910 [WARN] PackLoader:240 - Cannot read IP mode file for STMicroelectronics.X-CUBE-AZRTOS-L5.2.0.0
2025-06-29 16:43:38,920 [WARN] PackLoader:240 - Cannot read IP mode file for STMicroelectronics.X-CUBE-NFC6.3.1.0
2025-06-29 16:43:38,926 [WARN] PackLoader:240 - Cannot read IP mode file for STMicroelectronics.X-CUBE-DPower.1.2.0
2025-06-29 16:43:38,931 [WARN] PackLoader:240 - Cannot read IP mode file for STMicroelectronics.X-CUBE-FREERTOS.1.3.1
2025-06-29 16:43:38,936 [WARN] PackLoader:240 - Cannot read IP mode file for STMicroelectronics.X-CUBE-FREERTOS.1.3.0
2025-06-29 16:43:38,941 [WARN] PackLoader:240 - Cannot read IP mode file for STMicroelectronics.X-CUBE-NFC7.1.0.1
2025-06-29 16:43:38,945 [ERROR] Engine:466 - C:\Users\tranc\.stm32cubemx\thirdparties\pdsc\STMicroelectronics.FP-SNS-STAIOTCFT.1.0.0.pdsc: PDSC version is not supported
2025-06-29 16:43:38,948 [WARN] PackLoader:240 - Cannot read IP mode file for STMicroelectronics.X-CUBE-DPower.1.3.0
2025-06-29 16:43:38,969 [WARN] ConditionMgr:438 - getConditionDescription Invalid condition id : LAN8742 Phy interface Condition cause : null
2025-06-29 16:43:38,970 [WARN] PackLoader:240 - Cannot read IP mode file for STMicroelectronics.X-CUBE-AZRTOS-L4.2.0.0
2025-06-29 16:43:38,972 [WARN] ConditionMgr:1039 - genDependencies : Invalid condition id : LAN8742 Phy interface Condition cause : null
2025-06-29 16:43:38,972 [WARN] ConditionMgr:1039 - genDependencies : Invalid condition id : LAN8742 Phy interface Condition cause : null
2025-06-29 16:43:38,972 [WARN] ConditionMgr:1039 - genDependencies : Invalid condition id : LAN8742 Phy interface Condition cause : null
2025-06-29 16:43:38,979 [WARN] PackLoader:240 - Cannot read IP mode file for STMicroelectronics.X-CUBE-SFXS2LP1.4.0.0
2025-06-29 16:43:38,999 [WARN] PackLoader:240 - Cannot read IP mode file for STMicroelectronics.X-CUBE-AZRTOS-H7.3.3.0
2025-06-29 16:43:39,011 [WARN] PackLoader:240 - Cannot read IP mode file for STMicroelectronics.X-CUBE-IPS.3.0.0
2025-06-29 16:43:39,025 [WARN] ConditionMgr:438 - getConditionDescription Invalid condition id : UX DEVICE CLASS RTOS Condition cause : null
2025-06-29 16:43:39,026 [WARN] ConditionMgr:438 - getConditionDescription Invalid condition id : UX DEVICE CLASS RTOS Condition cause : null
2025-06-29 16:43:39,028 [WARN] PackLoader:240 - Cannot read IP mode file for STMicroelectronics.X-CUBE-AZRTOS-WB.2.0.0
2025-06-29 16:43:39,029 [WARN] ConditionMgr:1039 - genDependencies : Invalid condition id : UX DEVICE CLASS RTOS Condition cause : null
2025-06-29 16:43:39,029 [WARN] ConditionMgr:1039 - genDependencies : Invalid condition id : UX DEVICE CLASS RTOS Condition cause : null
2025-06-29 16:43:39,029 [WARN] ConditionMgr:1039 - genDependencies : Invalid condition id : UX DEVICE CLASS RTOS Condition cause : null
2025-06-29 16:43:39,029 [WARN] ConditionMgr:1039 - genDependencies : Invalid condition id : UX DEVICE CLASS RTOS Condition cause : null
2025-06-29 16:43:39,030 [WARN] ConditionMgr:1039 - genDependencies : Invalid condition id : UX DEVICE CLASS RTOS Condition cause : null
2025-06-29 16:43:39,036 [WARN] PackLoader:240 - Cannot read IP mode file for STMicroelectronics.X-CUBE-GNSS1.7.0.0
2025-06-29 16:43:39,041 [WARN] PackLoader:240 - Cannot read IP mode file for STMicroelectronics.X-CUBE-GNSS1.7.0.1
2025-06-29 16:43:39,046 [WARN] PackLoader:240 - Cannot read IP mode file for STMicroelectronics.X-CUBE-TOUCHGFX.4.25.0
2025-06-29 16:43:39,117 [WARN] PackLoader:240 - Cannot read IP mode file for STMicroelectronics.FP-SNS-STBOX1.2.0.0
2025-06-29 16:43:39,128 [WARN] PackLoader:240 - Cannot read IP mode file for STMicroelectronics.X-CUBE-SUBG2.5.0.0
2025-06-29 16:43:39,148 [WARN] PackLoader:240 - Cannot read IP mode file for STMicroelectronics.X-CUBE-AZRTOS-H7RS.1.1.0
2025-06-29 16:43:39,217 [WARN] PackLoader:240 - Cannot read IP mode file for Cesanta.I-CUBE-Mongoose.7.13.0
2025-06-29 16:43:39,230 [WARN] PackLoader:240 - Cannot read IP mode file for STMicroelectronics.X-CUBE-AZRTOS-G4.2.0.0
2025-06-29 16:43:39,237 [WARN] PackLoader:240 - Cannot read IP mode file for STMicroelectronics.X-CUBE-NFC7.2.0.0
2025-06-29 16:43:39,240 [ERROR] Engine:466 - C:\Users\tranc\.stm32cubemx\thirdparties\pdsc\STMicroelectronics.X-CUBE-IPS.3.1.0.pdsc: PDSC version is not supported
2025-06-29 16:43:39,244 [WARN] PackLoader:240 - Cannot read IP mode file for STMicroelectronics.X-CUBE-ALS.1.0.2
2025-06-29 16:43:39,247 [WARN] PackLoader:240 - Cannot read IP mode file for STMicroelectronics.X-CUBE-TOUCHGFX.4.24.2
2025-06-29 16:43:39,251 [WARN] PackLoader:240 - Cannot read IP mode file for STMicroelectronics.X-CUBE-TOUCHGFX.4.24.1
2025-06-29 16:43:39,254 [WARN] PackLoader:240 - Cannot read IP mode file for wolfSSL.I-CUBE-wolfTPM.3.4.0
2025-06-29 16:43:39,260 [WARN] PackLoader:240 - Cannot read IP mode file for portGmbH.I-Cube-SoM-uGOAL.1.1.0
2025-06-29 16:43:39,277 [WARN] PackLoader:240 - Cannot read IP mode file for STMicroelectronics.X-CUBE-AZRTOS-H7RS.1.0.0
2025-06-29 16:43:39,291 [WARN] PackLoader:240 - Cannot read IP mode file for STMicroelectronics.X-CUBE-TOF1.3.4.2
2025-06-29 16:43:39,308 [ERROR] Engine:466 - C:\Users\tranc\.stm32cubemx\thirdparties\pdsc\STMicroelectronics.X-CUBE-TOF1.3.4.3.pdsc: PDSC version is not supported
2025-06-29 16:43:39,336 [WARN] PackLoader:240 - Cannot read IP mode file for Infineon.AIROC-Wi-Fi-Bluetooth-STM32.1.6.1
2025-06-29 16:43:39,412 [WARN] PackLoader:240 - Cannot read IP mode file for wolfSSL.I-CUBE-wolfSSH.1.4.17
2025-06-29 16:43:39,413 [INFO] ThirdParty:978 - Integrity check success = true
2025-06-29 16:43:39,413 [INFO] IntegrityCheckThread:100 - exiting critical section [integrity check]
2025-06-29 16:43:39,413 [INFO] IntegrityCheckThread:103 - End integrity checks thread
2025-06-29 16:44:26,989 [INFO] McuFinderGlobals:63 - Set McuFinder mode to 2 (CubeIDE integrated)
2025-06-29 16:44:27,023 [INFO] MainUpdater:2873 - connection check result : 10
2025-06-29 16:44:27,057 [INFO] McuFinderGlobals:76 - Set McuFinderConnectedMode to true
2025-06-29 16:44:27,253 [INFO] ServerAccessManage:473 - Download File mcusAds.json._tmp_
2025-06-29 16:44:27,369 [INFO] LoadUrlFilesThread:156 - End of LoadUrlFiles Thread
2025-06-29 16:44:27,566 [INFO] ServerAccessManage:473 - Download File cube-finder-db.zip
2025-06-29 16:44:29,096 [INFO] FileExtend:240 - Unzip File : cube-finder-db.zip
2025-06-29 16:44:29,096 [INFO] FileExtend:255 - Standard Zip Deflate
2025-06-29 16:44:30,191 [INFO] LoadUrlFilesThread:156 - End of LoadUrlFiles Thread
2025-06-29 16:44:31,464 [INFO] ServerAccessManage:473 - Download File crdb.zip
2025-06-29 16:44:32,848 [INFO] FileExtend:240 - Unzip File : crdb.zip
2025-06-29 16:44:32,848 [INFO] FileExtend:255 - Standard Zip Deflate
2025-06-29 16:44:32,998 [INFO] LoadUrlFilesThread:156 - End of LoadUrlFiles Thread
2025-06-29 16:44:33,115 [INFO] ServerAccessManage:473 - Download File tutoVideoDB.zip
2025-06-29 16:44:33,122 [INFO] FileExtend:240 - Unzip File : tutoVideoDB.zip
2025-06-29 16:44:33,123 [INFO] FileExtend:255 - Standard Zip Deflate
2025-06-29 16:44:33,259 [INFO] LoadUrlFilesThread:156 - End of LoadUrlFiles Thread
2025-06-29 16:44:33,262 [WARN] DbFile:41 - Overriding database path with different value: C:\Users\tranc\.stmcufinder\plugins\mcufinder/ => C:\Users\tranc\.stmcufinder\plugins\mcufinder
2025-06-29 16:44:33,371 [INFO] ServerAccessManage:473 - Download File api_config.json
2025-06-29 16:44:33,487 [INFO] LoadUrlFilesThread:156 - End of LoadUrlFiles Thread
2025-06-29 16:44:33,488 [INFO] DbMcusAds:53 - JSON generation date=Thu Jun 19 15:32:37 ICT 2025 (1750321957418)
2025-06-29 16:44:33,511 [INFO] LoadUrlFilesThread:185 - End of LoadServerUrlFiles without Thread
2025-06-29 16:44:33,512 [INFO] TargetSelectorAdapter:259 - Refresh data is successful
2025-06-29 16:44:33,821 [INFO] ApiDb:581 - Connected to CubeFinder SQLite database (C:\Users\tranc\.stmcufinder\plugins\mcufinder\mcu\cube-finder-db.db)
2025-06-29 16:44:33,903 [INFO] ApiDb:668 - CubeFinder database Data Model version=2.1
2025-06-29 16:44:33,903 [INFO] ApiDb:669 - CubeFinder database Configuration version=3.0.39
2025-06-29 16:44:33,903 [INFO] ApiDb:670 - CubeFinder database generation date=2025-06-16 (1750072209)
2025-06-29 16:44:33,903 [INFO] ApiDb:671 - CubeFinder database FW Pack versions=[FP-ATR-ASTRA1_V2.0.0, FP-SNS-FLIGHT1_V5.1.0, FP-SNS-MOTENV1_V5.0.0, FP-SNS-MOTENVWB1_V1.4.0, FP-SNS-SMARTAG2_V1.2.0, FP-SNS-STBOX1_V2.0.0, STM32Cube_FW_C0_V1.4.0, STM32Cube_FW_F4_V1.28.2, STM32Cube_FW_F7_V1.17.3, STM32Cube_FW_G0_V1.6.2, STM32Cube_FW_G4_V1.6.1, STM32Cube_FW_H5_V1.5.0, STM32Cube_FW_H7RS_V1.2.0, STM32Cube_FW_H7_V1.12.1, STM32Cube_FW_L0_V1.12.2, STM32Cube_FW_L4_V1.18.1, STM32Cube_FW_L5_V1.5.1, STM32Cube_FW_N6_V1.1.1, STM32Cube_FW_U0_V1.2.0, STM32Cube_FW_U3_V1.1.0, STM32Cube_FW_U5_V1.7.0, STM32Cube_FW_WB0_V1.2.0, STM32Cube_FW_WBA_V1.6.0, STM32Cube_FW_WB_V1.22.0, STM32Cube_FW_WL3_V1.1.0, STM32Cube_FW_WL_V1.3.1, X-CUBE-ALGOBUILD_V1.4.0, X-CUBE-ALS_V1.0.2, X-CUBE-AZRTOS-F4_V1.1.0, X-CUBE-AZRTOS-F7_V1.1.0, X-CUBE-AZRTOS-G0_V1.1.0, X-CUBE-AZRTOS-G4_V2.0.0, X-CUBE-AZRTOS-H7RS_V1.1.0, X-CUBE-AZRTOS-H7_V3.3.0, X-CUBE-AZRTOS-L4_V2.0.0, X-CUBE-AZRTOS-L5_V2.0.0, X-CUBE-AZRTOS-WB_V2.0.0, X-CUBE-AZRTOS-WL_V2.0.0, X-CUBE-BLE1_V7.1.0, X-CUBE-BLE2_V3.3.0, X-CUBE-BLEMGR_V4.0.0, X-CUBE-EEPRMA1_V5.1.0, X-CUBE-FREERTOS_V1.3.1, X-CUBE-GNSS1_V6.0.0, X-CUBE-MEMS1_V11.3.0, X-CUBE-NFC4_V3.0.0, X-CUBE-NFC7_V2.0.0, X-CUBE-SFXS2LP1_V4.0.0, X-CUBE-SUBG2_V5.0.0, X-CUBE-TOF1_V3.4.3]
2025-06-29 16:44:36,147 [INFO] ApiDb:240 - Found 646 in-development CPN: [B-G473E-ZEST1S, B-WB1M-WPAN1, B-WL5M-SUBG1, NUCLEO-C031C6, NUCLEO-C071RB, NUCLEO-H503RB, NUCLEO-H533RE, NUCLEO-H563ZI, NUCLEO-H7S3L8, NUCLEO-U031R8, NUCLEO-U083RC, NUCLEO-U545RE-Q, NUCLEO-U5A5ZJ-Q, NUCLEO-WB05KZ, NUCLEO-WB07CC, NUCLEO-WB09KE, NUCLEO-WBA52CG, NUCLEO-WBA55CG, STEVAL-PROTEUS1, STEVAL-SMARTAG2, STEVAL-STWINBX1, STM320518-EVAL, STM32C0116-DK, STM32C011D6Y3TR, STM32C011D6Y6TR, STM32C011F4P3, STM32C011F4P6, STM32C011F4U3, STM32C011F4U6TR, STM32C011F6P3, STM32C011F6P6, STM32C011F6U3, STM32C011F6U6TR, STM32C011J4M3, STM32C011J4M6, STM32C011J6M3, STM32C011J6M6, STM32C0316-DK, STM32C031C4T3, STM32C031C4T6, STM32C031C4U3, STM32C031C4U6, STM32C031C6T3, STM32C031C6T6, STM32C031C6U3, STM32C031C6U6, STM32C031F4P3, STM32C031F4P6, STM32C031F6P3, STM32C031F6P6, STM32C031G4U3, STM32C031G4U6, STM32C031G6U3, STM32C031G6U6, STM32C031K4T3, STM32C031K4T6, STM32C031K4U3, STM32C031K4U6, STM32C031K6T3, STM32C031K6T6, STM32C031K6U3, STM32C031K6U6, STM32C071C8T6, STM32C071C8T6N, STM32C071C8U6, STM32C071C8U6N, STM32C071CBT6, STM32C071CBT6N, STM32C071CBU6, STM32C071CBU6N, STM32C071F8P6, STM32C071F8P6N, STM32C071FBP6, STM32C071FBP6N, STM32C071FBY6TR, STM32C071G8U6, STM32C071G8U6N, STM32C071GBU6, STM32C071GBU6N, STM32C071K8T6, STM32C071K8T6N, STM32C071K8U6, STM32C071K8U6N, STM32C071KBT6, STM32C071KBT6N, STM32C071KBU6, STM32C071KBU6N, STM32C071R8T6, STM32C071R8T6N, STM32C071RBI6N, STM32C071RBT6, STM32C071RBT6N, STM32G071K8TXN, STM32G071K8UXN, STM32G081GBU6N, STM32G081KBT6N, STM32G081KBUXN, STM32G0B1CCT6N, STM32G0B1KCT6, STM32G0B1NEY6TR, STM32G0B1RCT6N, STM32G0C1CCT6, STM32G0C1CCT6N, STM32G0C1CCU6N, STM32G0C1CET6N, STM32G0C1CEU6N, STM32G0C1KCT6, STM32G0C1NEY6TR, STM32G0C1RCI6N, STM32G0C1RCT6N, STM32G0C1REI6N, STM32G0C1RET6N, STM32G0C1VCI6, STM32G0C1VEI6, STM32G411C6T3, STM32G411C6T6, STM32G411C6U3, STM32G411C6U6, STM32G411C8T3, STM32G411C8T6, STM32G411C8U3, STM32G411C8U6, STM32G411CBT3, STM32G411CBT6, STM32G411CBU3, STM32G411CBU6, STM32G411K6T3, STM32G411K6T6, STM32G411K6U3, STM32G411K6U6, STM32G411K8T3, STM32G411K8T6, STM32G411K8U3, STM32G411K8U6, STM32G411KBT3, STM32G411KBT6, STM32G411KBU3, STM32G411KBU6, STM32G411M6T3, STM32G411M6T6, STM32G411M8T3, STM32G411M8T6, STM32G411MBT3, STM32G411MBT6, STM32G411R6T3, STM32G411R6T6, STM32G411R8T3, STM32G411R8T6, STM32G411RBT3, STM32G411RBT6, STM32G414CBT3, STM32G414CBT6, STM32G414CBU3, STM32G414CBU6, STM32G414CCT3, STM32G414CCT6, STM32G414CCU3, STM32G414CCU6, STM32G414MBT3, STM32G414MBT6, STM32G414MCT3, STM32G414MCT6, STM32G414RBT3, STM32G414RBT6, STM32G414RCT3, STM32G414RCT6, STM32G414VBT3, STM32G414VBT6, STM32G414VCT3, STM32G414VCT6, STM32G431CBT3Z, STM32G431RBT3Z, STM32G471CCT6, STM32G471CCU6, STM32G471CET3, STM32G471CET6, STM32G471CEU3, STM32G471CEU6, STM32G471MCT6, STM32G471MET3, STM32G471MET6, STM32G471MEY6TR, STM32G471QCT6, STM32G471QET3, STM32G471RCT6, STM32G471RET3, STM32G471RET6, STM32G471VCH6, STM32G471VCI6, STM32G471VCT6, STM32G471VEH3, STM32G471VEH6, STM32G471VEI3, STM32G471VEI6, STM32G471VET3, STM32G471VET6, STM32G473QET3Z, STM32G473RET3Z, STM32G474CCT6, STM32G491RET3Z, STM32H503CBT6, STM32H503CBU6, STM32H503EBY6TR, STM32H503KBU6, STM32H503RBT6, STM32H523CCT6, STM32H523CCU6, STM32H523CET6, STM32H523CEU6, STM32H523HEY6TR, STM32H523RCT6, STM32H523RET6, STM32H523VCI6, STM32H523VCT6, STM32H523VEI6, STM32H523VET6, STM32H523ZCJ6, STM32H523ZCT6, STM32H523ZEJ6, STM32H523ZET6, STM32H533CET6, STM32H533CEU6, STM32H533HEY6TR, STM32H533RET6, STM32H533VEI6, STM32H533VET6, STM32H533ZEJ6, STM32H533ZET6, STM32H562AGI6, STM32H562AII6, STM32H562IGK6, STM32H562IGT6, STM32H562IIK6, STM32H562IIT6, STM32H562RGT6, STM32H562RGV6, STM32H562RIT6, STM32H562RIV6, STM32H562VGT6, STM32H562VIT6, STM32H562ZGT6, STM32H562ZIT6, STM32H563AGI6, STM32H563AII3Q, STM32H563AII6, STM32H563IGK6, STM32H563IGT6, STM32H563IIK3Q, STM32H563IIK6, STM32H563IIT3Q, STM32H563IIT6, STM32H563MIY3QTR, STM32H563RGT6, STM32H563RGV6, STM32H563RIT6, STM32H563RIV6, STM32H563VGT6, STM32H563VIT3Q, STM32H563VIT6, STM32H563ZGT6, STM32H563ZIT3Q, STM32H563ZIT6, STM32H573AII3Q, STM32H573AII6, STM32H573I-DK, STM32H573IIK3Q, STM32H573IIK6, STM32H573IIT3Q, STM32H573IIT6, STM32H573MIY3QTR, STM32H573RIT6, STM32H573RIV6, STM32H573VIT3Q, STM32H573VIT6, STM32H573ZIT3Q, STM32H573ZIT6, STM32H7R3A8I6, STM32H7R3I8K6, STM32H7R3I8T6, STM32H7R3L8H6, STM32H7R3L8H6H, STM32H7R3R8V6, STM32H7R3V8H6, STM32H7R3V8T6, STM32H7R3V8Y6TR, STM32H7R3Z8J6, STM32H7R3Z8T6, STM32H7R7A8I6, STM32H7R7I8K6, STM32H7R7I8T6, STM32H7R7L8H6, STM32H7R7L8H6H, STM32H7R7Z8J6, STM32H7S3A8I6, STM32H7S3I8K6, STM32H7S3I8T6, STM32H7S3L8H6, STM32H7S3L8H6H, STM32H7S3R8V6, STM32H7S3V8H6, STM32H7S3V8T6, STM32H7S3V8Y6TR, STM32H7S3Z8J6, STM32H7S3Z8T6, STM32H7S78-DK, STM32H7S7A8I6, STM32H7S7I8K6, STM32H7S7I8T6, STM32H7S7L8H6, STM32H7S7L8H6H, STM32H7S7Z8J6, STM32L4R5QGI6STR, STM32MP131AAE3, STM32MP131AAF3, STM32MP131AAG3, STM32MP131CAE3, STM32MP131CAF3, STM32MP131CAG3, STM32MP131DAE7, STM32MP131DAF7, STM32MP131DAG7, STM32MP131FAE7, STM32MP131FAF7, STM32MP131FAG7, STM32MP133AAE3, STM32MP133AAF3, STM32MP133AAG3, STM32MP133CAE3, STM32MP133CAF3, STM32MP133CAG3, STM32MP133DAE7, STM32MP133DAF7, STM32MP133DAG7, STM32MP133FAE7, STM32MP133FAF7, STM32MP133FAG7, STM32MP135AAE3, STM32MP135AAF3, STM32MP135AAG3, STM32MP135CAE3, STM32MP135CAF3, STM32MP135CAG3, STM32MP135DAE7, STM32MP135DAF7, STM32MP135DAG7, STM32MP135F-DK, STM32MP135FAE7, STM32MP135FAF7, STM32MP135FAF7T, STM32MP135FAF7U, STM32MP135FAG7, STM32MP251AAI3, STM32MP251AAK3, STM32MP251AAL3, STM32MP251CAI3, STM32MP251CAK3, STM32MP251CAL3, STM32MP251DAI3, STM32MP251DAK3, STM32MP251DAL3, STM32MP251FAI3, STM32MP251FAK3, STM32MP251FAL3, STM32MP253AAI3, STM32MP253AAK3, STM32MP253AAL3, STM32MP253CAI3, STM32MP253CAK3, STM32MP253CAL3, STM32MP253DAI3, STM32MP253DAK3, STM32MP253DAL3, STM32MP253FAI3, STM32MP253FAK3, STM32MP253FAL3, STM32MP255AAI3, STM32MP255AAK3, STM32MP255AAL3, STM32MP255CAI3, STM32MP255CAK3, STM32MP255CAL3, STM32MP255DAI3, STM32MP255DAK3, STM32MP255DAL3, STM32MP255FAI3, STM32MP255FAK3, STM32MP255FAL3, STM32MP257AAI3, STM32MP257AAK3, STM32MP257AAL3, STM32MP257CAI3, STM32MP257CAK3, STM32MP257CAL3, STM32MP257DAI3, STM32MP257DAK3, STM32MP257DAL3, STM32MP257F-DK, STM32MP257F-EV1, STM32MP257FAI3, STM32MP257FAK3, STM32MP257FAL3, STM32U031C6T6, STM32U031C6U6, STM32U031C8T6, STM32U031C8U6, STM32U031F4P6, STM32U031F6P6, STM32U031F8P6, STM32U031G6Y6TR, STM32U031G8Y6TR, STM32U031K4U6, STM32U031K6U6, STM32U031K8U6, STM32U031R6I6, STM32U031R6T6, STM32U031R8I6, STM32U031R8T6, STM32U073C8T6, STM32U073C8U6, STM32U073CBT6, STM32U073CBU6, STM32U073CCT6, STM32U073CCU6, STM32U073H8Y6TR, STM32U073HBY6TR, STM32U073HCY6TR, STM32U073K8U6, STM32U073KBU6, STM32U073KCU6, STM32U073M8I6, STM32U073M8T6, STM32U073MBI6, STM32U073MBT6, STM32U073MCI6, STM32U073MCT6, STM32U073R8I6, STM32U073R8T6, STM32U073RBI6, STM32U073RBT6, STM32U073RCI6, STM32U073RCT6, STM32U083C-DK, STM32U083CCT6, STM32U083CCU6, STM32U083HCY6TR, STM32U083KCU6, STM32U083MCI6, STM32U083MCT6, STM32U083RCI6, STM32U083RCT6, STM32U535CBT6, STM32U535CBT6Q, STM32U535CBU6, STM32U535CBU6Q, STM32U535CCT6, STM32U535CCT6Q, STM32U535CCU6, STM32U535CCU6Q, STM32U535CET6, STM32U535CET6Q, STM32U535CEU6, STM32U535CEU6Q, STM32U535JEY6QTR, STM32U535NCY6QTR, STM32U535NEY6QTR, STM32U535RBI6, STM32U535RBI6Q, STM32U535RBT6, STM32U535RBT6Q, STM32U535RCI6, STM32U535RCI6Q, STM32U535RCT6, STM32U535RCT6Q, STM32U535REI6, STM32U535REI6Q, STM32U535RET6, STM32U535RET6Q, STM32U535VCI6, STM32U535VCI6Q, STM32U535VCT6, STM32U535VCT6Q, STM32U535VEI6, STM32U535VEI6Q, STM32U535VET6, STM32U535VET6Q, STM32U545CET6, STM32U545CET6Q, STM32U545CEU6, STM32U545CEU6Q, STM32U545JEY6QTR, STM32U545NEY6QTR, STM32U545REI6, STM32U545REI6Q, STM32U545RET6, STM32U545RET6Q, STM32U545VEI6, STM32U545VEI6Q, STM32U545VET6, STM32U545VET6Q, STM32U595AIH6, STM32U595AIH6Q, STM32U595AJH6, STM32U595AJH6Q, STM32U595QII6, STM32U595QII6Q, STM32U595QJI6, STM32U595QJI6Q, STM32U595RIT6, STM32U595RIT6Q, STM32U595RJT6, STM32U595RJT6Q, STM32U595VIT6, STM32U595VIT6Q, STM32U595VJT6, STM32U595VJT6Q, STM32U595ZIT6, STM32U595ZIT6Q, STM32U595ZIY6QTR, STM32U595ZJT6, STM32U595ZJT6Q, STM32U595ZJY6QTR, STM32U599BJY6QTR, STM32U599NIH6Q, STM32U599NJH6Q, STM32U599VIT6Q, STM32U599VJT6, STM32U599VJT6Q, STM32U599ZIT6Q, STM32U599ZIY6QTR, STM32U599ZJT6Q, STM32U599ZJY6QTR, STM32U5A5AJH6, STM32U5A5AJH6Q, STM32U5A5QII3Q , STM32U5A5QJI6, STM32U5A5QJI6Q, STM32U5A5RJT6, STM32U5A5RJT6Q, STM32U5A5VJT6, STM32U5A5VJT6Q, STM32U5A5ZJT6, STM32U5A5ZJT6Q, STM32U5A5ZJY6QTR, STM32U5A9BJY6QTR, STM32U5A9J-DK, STM32U5A9NJH6Q, STM32U5A9VJT6Q, STM32U5A9ZJT6Q, STM32U5A9ZJY6QTR, STM32U5F7VIT6, STM32U5F7VIT6Q, STM32U5F7VJT6, STM32U5F7VJT6Q, STM32U5F9BJY6QTR, STM32U5F9NJH6Q, STM32U5F9VIT6Q, STM32U5F9VJT6Q, STM32U5F9ZIJ6QTR, STM32U5F9ZIT6Q, STM32U5F9ZJJ6QTR, STM32U5F9ZJT6Q, STM32U5G7VJT6, STM32U5G7VJT6Q, STM32U5G9BJY6QTR, STM32U5G9J-DK1, STM32U5G9J-DK2, STM32U5G9NJH6Q, STM32U5G9VJT6Q, STM32U5G9ZJJ6QTR, STM32U5G9ZJT6Q, STM32WB05KZV6TR, STM32WB05KZV7TR, STM32WB05TZF6TR, STM32WB05TZF7TR, STM32WB06CCF6TR, STM32WB06CCF7TR, STM32WB06CCV6TR, STM32WB06CCV7TR, STM32WB06KCV6TR, STM32WB06KCV7TR, STM32WB07CCF6TR, STM32WB07CCF7TR, STM32WB07CCV6TR, STM32WB07CCV7TR, STM32WB07KCV6TR, STM32WB07KCV7TR, STM32WB09KEV6TR, STM32WB09KEV7TR, STM32WB09TEF6TR, STM32WB09TEF7TR, STM32WB1MMCH6, STM32WBA50KGU6, STM32WBA50KGU6TR, STM32WBA52CEU6, STM32WBA52CEU6TR, STM32WBA52CEU7, STM32WBA52CEU7TR, STM32WBA52CGU6, STM32WBA52CGU6TR, STM32WBA52CGU6U, STM32WBA52CGU7, STM32WBA52CGU7TR, STM32WBA52KEU6, STM32WBA52KEU6TR, STM32WBA52KGU6, STM32WBA52KGU6TR, STM32WBA54CEU6, STM32WBA54CEU6TR, STM32WBA54CEU7, STM32WBA54CEU7TR, STM32WBA54CGU6, STM32WBA54CGU6TR, STM32WBA54CGU7, STM32WBA54CGU7TR, STM32WBA54KEU6, STM32WBA54KEU6TR, STM32WBA54KEU7, STM32WBA54KEU7TR, STM32WBA54KGU6, STM32WBA54KGU6TR, STM32WBA54KGU7, STM32WBA54KGU7TR, STM32WBA55CEU6, STM32WBA55CEU6TR, STM32WBA55CEU7, STM32WBA55CEU7TR, STM32WBA55CGU6, STM32WBA55CGU6TR, STM32WBA55CGU6U, STM32WBA55CGU7, STM32WBA55CGU7TR, STM32WBA55G-DK1, STM32WBA55HEF6, STM32WBA55HEF7, STM32WBA55HGF6, STM32WBA55HGF7, STM32WBA55UEI6, STM32WBA55UEI6TR, STM32WBA55UEI7, STM32WBA55UEI7TR, STM32WBA55UGI6, STM32WBA55UGI6TR, STM32WBA55UGI7, STM32WBA55UGI7TR, STM32WL5MOCH6, STM32WL5MOCH6TR]
2025-06-29 16:44:36,153 [INFO] DbMcus:218 - Found 4657 MCUs, 4657 are supported
2025-06-29 16:44:36,166 [INFO] ApiDb:423 - Load user favorites file C:\Users\tranc/.stm32cubeide/favorites.mcus.txt: 0 item(s)
2025-06-29 16:44:36,166 [INFO] ApiDb:427 - User favorites MCUs=[]
2025-06-29 16:44:36,166 [INFO] DbMcus:224 - Set 0 / 0 favorites MCUs
2025-06-29 16:44:36,656 [INFO] ApiDb:668 - CubeFinder database Data Model version=2.1
2025-06-29 16:44:36,657 [INFO] ApiDb:669 - CubeFinder database Configuration version=3.0.39
2025-06-29 16:44:36,657 [INFO] ApiDb:670 - CubeFinder database generation date=2025-06-16 (1750072209)
2025-06-29 16:44:36,657 [INFO] ApiDb:671 - CubeFinder database FW Pack versions=[FP-ATR-ASTRA1_V2.0.0, FP-SNS-FLIGHT1_V5.1.0, FP-SNS-MOTENV1_V5.0.0, FP-SNS-MOTENVWB1_V1.4.0, FP-SNS-SMARTAG2_V1.2.0, FP-SNS-STBOX1_V2.0.0, STM32Cube_FW_C0_V1.4.0, STM32Cube_FW_F4_V1.28.2, STM32Cube_FW_F7_V1.17.3, STM32Cube_FW_G0_V1.6.2, STM32Cube_FW_G4_V1.6.1, STM32Cube_FW_H5_V1.5.0, STM32Cube_FW_H7RS_V1.2.0, STM32Cube_FW_H7_V1.12.1, STM32Cube_FW_L0_V1.12.2, STM32Cube_FW_L4_V1.18.1, STM32Cube_FW_L5_V1.5.1, STM32Cube_FW_N6_V1.1.1, STM32Cube_FW_U0_V1.2.0, STM32Cube_FW_U3_V1.1.0, STM32Cube_FW_U5_V1.7.0, STM32Cube_FW_WB0_V1.2.0, STM32Cube_FW_WBA_V1.6.0, STM32Cube_FW_WB_V1.22.0, STM32Cube_FW_WL3_V1.1.0, STM32Cube_FW_WL_V1.3.1, X-CUBE-ALGOBUILD_V1.4.0, X-CUBE-ALS_V1.0.2, X-CUBE-AZRTOS-F4_V1.1.0, X-CUBE-AZRTOS-F7_V1.1.0, X-CUBE-AZRTOS-G0_V1.1.0, X-CUBE-AZRTOS-G4_V2.0.0, X-CUBE-AZRTOS-H7RS_V1.1.0, X-CUBE-AZRTOS-H7_V3.3.0, X-CUBE-AZRTOS-L4_V2.0.0, X-CUBE-AZRTOS-L5_V2.0.0, X-CUBE-AZRTOS-WB_V2.0.0, X-CUBE-AZRTOS-WL_V2.0.0, X-CUBE-BLE1_V7.1.0, X-CUBE-BLE2_V3.3.0, X-CUBE-BLEMGR_V4.0.0, X-CUBE-EEPRMA1_V5.1.0, X-CUBE-FREERTOS_V1.3.1, X-CUBE-GNSS1_V6.0.0, X-CUBE-MEMS1_V11.3.0, X-CUBE-NFC4_V3.0.0, X-CUBE-NFC7_V2.0.0, X-CUBE-SFXS2LP1_V4.0.0, X-CUBE-SUBG2_V5.0.0, X-CUBE-TOF1_V3.4.3]
2025-06-29 16:44:36,705 [INFO] DbBoardsSqlite:226 - include board P-NUCLEO-WB55-NUCLEO as a kit item of type 'Nucleo-64'
2025-06-29 16:44:36,705 [INFO] DbBoardsSqlite:226 - include board P-NUCLEO-WB55-USBDONGLE as a kit item of type 'Nucleo USB Dongle'
2025-06-29 16:44:36,705 [INFO] DbBoardsSqlite:226 - include board STEVAL-IDP005V1 as a kit item of type 'Evaluation Board'
2025-06-29 16:44:36,705 [INFO] DbBoardsSqlite:226 - include board STEVAL-IDP005V2 as a kit item of type 'Evaluation Board'
2025-06-29 16:44:36,766 [INFO] ApiDb:240 - Found 646 in-development CPN: [B-G473E-ZEST1S, B-WB1M-WPAN1, B-WL5M-SUBG1, NUCLEO-C031C6, NUCLEO-C071RB, NUCLEO-H503RB, NUCLEO-H533RE, NUCLEO-H563ZI, NUCLEO-H7S3L8, NUCLEO-U031R8, NUCLEO-U083RC, NUCLEO-U545RE-Q, NUCLEO-U5A5ZJ-Q, NUCLEO-WB05KZ, NUCLEO-WB07CC, NUCLEO-WB09KE, NUCLEO-WBA52CG, NUCLEO-WBA55CG, STEVAL-PROTEUS1, STEVAL-SMARTAG2, STEVAL-STWINBX1, STM320518-EVAL, STM32C0116-DK, STM32C011D6Y3TR, STM32C011D6Y6TR, STM32C011F4P3, STM32C011F4P6, STM32C011F4U3, STM32C011F4U6TR, STM32C011F6P3, STM32C011F6P6, STM32C011F6U3, STM32C011F6U6TR, STM32C011J4M3, STM32C011J4M6, STM32C011J6M3, STM32C011J6M6, STM32C0316-DK, STM32C031C4T3, STM32C031C4T6, STM32C031C4U3, STM32C031C4U6, STM32C031C6T3, STM32C031C6T6, STM32C031C6U3, STM32C031C6U6, STM32C031F4P3, STM32C031F4P6, STM32C031F6P3, STM32C031F6P6, STM32C031G4U3, STM32C031G4U6, STM32C031G6U3, STM32C031G6U6, STM32C031K4T3, STM32C031K4T6, STM32C031K4U3, STM32C031K4U6, STM32C031K6T3, STM32C031K6T6, STM32C031K6U3, STM32C031K6U6, STM32C071C8T6, STM32C071C8T6N, STM32C071C8U6, STM32C071C8U6N, STM32C071CBT6, STM32C071CBT6N, STM32C071CBU6, STM32C071CBU6N, STM32C071F8P6, STM32C071F8P6N, STM32C071FBP6, STM32C071FBP6N, STM32C071FBY6TR, STM32C071G8U6, STM32C071G8U6N, STM32C071GBU6, STM32C071GBU6N, STM32C071K8T6, STM32C071K8T6N, STM32C071K8U6, STM32C071K8U6N, STM32C071KBT6, STM32C071KBT6N, STM32C071KBU6, STM32C071KBU6N, STM32C071R8T6, STM32C071R8T6N, STM32C071RBI6N, STM32C071RBT6, STM32C071RBT6N, STM32G071K8TXN, STM32G071K8UXN, STM32G081GBU6N, STM32G081KBT6N, STM32G081KBUXN, STM32G0B1CCT6N, STM32G0B1KCT6, STM32G0B1NEY6TR, STM32G0B1RCT6N, STM32G0C1CCT6, STM32G0C1CCT6N, STM32G0C1CCU6N, STM32G0C1CET6N, STM32G0C1CEU6N, STM32G0C1KCT6, STM32G0C1NEY6TR, STM32G0C1RCI6N, STM32G0C1RCT6N, STM32G0C1REI6N, STM32G0C1RET6N, STM32G0C1VCI6, STM32G0C1VEI6, STM32G411C6T3, STM32G411C6T6, STM32G411C6U3, STM32G411C6U6, STM32G411C8T3, STM32G411C8T6, STM32G411C8U3, STM32G411C8U6, STM32G411CBT3, STM32G411CBT6, STM32G411CBU3, STM32G411CBU6, STM32G411K6T3, STM32G411K6T6, STM32G411K6U3, STM32G411K6U6, STM32G411K8T3, STM32G411K8T6, STM32G411K8U3, STM32G411K8U6, STM32G411KBT3, STM32G411KBT6, STM32G411KBU3, STM32G411KBU6, STM32G411M6T3, STM32G411M6T6, STM32G411M8T3, STM32G411M8T6, STM32G411MBT3, STM32G411MBT6, STM32G411R6T3, STM32G411R6T6, STM32G411R8T3, STM32G411R8T6, STM32G411RBT3, STM32G411RBT6, STM32G414CBT3, STM32G414CBT6, STM32G414CBU3, STM32G414CBU6, STM32G414CCT3, STM32G414CCT6, STM32G414CCU3, STM32G414CCU6, STM32G414MBT3, STM32G414MBT6, STM32G414MCT3, STM32G414MCT6, STM32G414RBT3, STM32G414RBT6, STM32G414RCT3, STM32G414RCT6, STM32G414VBT3, STM32G414VBT6, STM32G414VCT3, STM32G414VCT6, STM32G431CBT3Z, STM32G431RBT3Z, STM32G471CCT6, STM32G471CCU6, STM32G471CET3, STM32G471CET6, STM32G471CEU3, STM32G471CEU6, STM32G471MCT6, STM32G471MET3, STM32G471MET6, STM32G471MEY6TR, STM32G471QCT6, STM32G471QET3, STM32G471RCT6, STM32G471RET3, STM32G471RET6, STM32G471VCH6, STM32G471VCI6, STM32G471VCT6, STM32G471VEH3, STM32G471VEH6, STM32G471VEI3, STM32G471VEI6, STM32G471VET3, STM32G471VET6, STM32G473QET3Z, STM32G473RET3Z, STM32G474CCT6, STM32G491RET3Z, STM32H503CBT6, STM32H503CBU6, STM32H503EBY6TR, STM32H503KBU6, STM32H503RBT6, STM32H523CCT6, STM32H523CCU6, STM32H523CET6, STM32H523CEU6, STM32H523HEY6TR, STM32H523RCT6, STM32H523RET6, STM32H523VCI6, STM32H523VCT6, STM32H523VEI6, STM32H523VET6, STM32H523ZCJ6, STM32H523ZCT6, STM32H523ZEJ6, STM32H523ZET6, STM32H533CET6, STM32H533CEU6, STM32H533HEY6TR, STM32H533RET6, STM32H533VEI6, STM32H533VET6, STM32H533ZEJ6, STM32H533ZET6, STM32H562AGI6, STM32H562AII6, STM32H562IGK6, STM32H562IGT6, STM32H562IIK6, STM32H562IIT6, STM32H562RGT6, STM32H562RGV6, STM32H562RIT6, STM32H562RIV6, STM32H562VGT6, STM32H562VIT6, STM32H562ZGT6, STM32H562ZIT6, STM32H563AGI6, STM32H563AII3Q, STM32H563AII6, STM32H563IGK6, STM32H563IGT6, STM32H563IIK3Q, STM32H563IIK6, STM32H563IIT3Q, STM32H563IIT6, STM32H563MIY3QTR, STM32H563RGT6, STM32H563RGV6, STM32H563RIT6, STM32H563RIV6, STM32H563VGT6, STM32H563VIT3Q, STM32H563VIT6, STM32H563ZGT6, STM32H563ZIT3Q, STM32H563ZIT6, STM32H573AII3Q, STM32H573AII6, STM32H573I-DK, STM32H573IIK3Q, STM32H573IIK6, STM32H573IIT3Q, STM32H573IIT6, STM32H573MIY3QTR, STM32H573RIT6, STM32H573RIV6, STM32H573VIT3Q, STM32H573VIT6, STM32H573ZIT3Q, STM32H573ZIT6, STM32H7R3A8I6, STM32H7R3I8K6, STM32H7R3I8T6, STM32H7R3L8H6, STM32H7R3L8H6H, STM32H7R3R8V6, STM32H7R3V8H6, STM32H7R3V8T6, STM32H7R3V8Y6TR, STM32H7R3Z8J6, STM32H7R3Z8T6, STM32H7R7A8I6, STM32H7R7I8K6, STM32H7R7I8T6, STM32H7R7L8H6, STM32H7R7L8H6H, STM32H7R7Z8J6, STM32H7S3A8I6, STM32H7S3I8K6, STM32H7S3I8T6, STM32H7S3L8H6, STM32H7S3L8H6H, STM32H7S3R8V6, STM32H7S3V8H6, STM32H7S3V8T6, STM32H7S3V8Y6TR, STM32H7S3Z8J6, STM32H7S3Z8T6, STM32H7S78-DK, STM32H7S7A8I6, STM32H7S7I8K6, STM32H7S7I8T6, STM32H7S7L8H6, STM32H7S7L8H6H, STM32H7S7Z8J6, STM32L4R5QGI6STR, STM32MP131AAE3, STM32MP131AAF3, STM32MP131AAG3, STM32MP131CAE3, STM32MP131CAF3, STM32MP131CAG3, STM32MP131DAE7, STM32MP131DAF7, STM32MP131DAG7, STM32MP131FAE7, STM32MP131FAF7, STM32MP131FAG7, STM32MP133AAE3, STM32MP133AAF3, STM32MP133AAG3, STM32MP133CAE3, STM32MP133CAF3, STM32MP133CAG3, STM32MP133DAE7, STM32MP133DAF7, STM32MP133DAG7, STM32MP133FAE7, STM32MP133FAF7, STM32MP133FAG7, STM32MP135AAE3, STM32MP135AAF3, STM32MP135AAG3, STM32MP135CAE3, STM32MP135CAF3, STM32MP135CAG3, STM32MP135DAE7, STM32MP135DAF7, STM32MP135DAG7, STM32MP135F-DK, STM32MP135FAE7, STM32MP135FAF7, STM32MP135FAF7T, STM32MP135FAF7U, STM32MP135FAG7, STM32MP251AAI3, STM32MP251AAK3, STM32MP251AAL3, STM32MP251CAI3, STM32MP251CAK3, STM32MP251CAL3, STM32MP251DAI3, STM32MP251DAK3, STM32MP251DAL3, STM32MP251FAI3, STM32MP251FAK3, STM32MP251FAL3, STM32MP253AAI3, STM32MP253AAK3, STM32MP253AAL3, STM32MP253CAI3, STM32MP253CAK3, STM32MP253CAL3, STM32MP253DAI3, STM32MP253DAK3, STM32MP253DAL3, STM32MP253FAI3, STM32MP253FAK3, STM32MP253FAL3, STM32MP255AAI3, STM32MP255AAK3, STM32MP255AAL3, STM32MP255CAI3, STM32MP255CAK3, STM32MP255CAL3, STM32MP255DAI3, STM32MP255DAK3, STM32MP255DAL3, STM32MP255FAI3, STM32MP255FAK3, STM32MP255FAL3, STM32MP257AAI3, STM32MP257AAK3, STM32MP257AAL3, STM32MP257CAI3, STM32MP257CAK3, STM32MP257CAL3, STM32MP257DAI3, STM32MP257DAK3, STM32MP257DAL3, STM32MP257F-DK, STM32MP257F-EV1, STM32MP257FAI3, STM32MP257FAK3, STM32MP257FAL3, STM32U031C6T6, STM32U031C6U6, STM32U031C8T6, STM32U031C8U6, STM32U031F4P6, STM32U031F6P6, STM32U031F8P6, STM32U031G6Y6TR, STM32U031G8Y6TR, STM32U031K4U6, STM32U031K6U6, STM32U031K8U6, STM32U031R6I6, STM32U031R6T6, STM32U031R8I6, STM32U031R8T6, STM32U073C8T6, STM32U073C8U6, STM32U073CBT6, STM32U073CBU6, STM32U073CCT6, STM32U073CCU6, STM32U073H8Y6TR, STM32U073HBY6TR, STM32U073HCY6TR, STM32U073K8U6, STM32U073KBU6, STM32U073KCU6, STM32U073M8I6, STM32U073M8T6, STM32U073MBI6, STM32U073MBT6, STM32U073MCI6, STM32U073MCT6, STM32U073R8I6, STM32U073R8T6, STM32U073RBI6, STM32U073RBT6, STM32U073RCI6, STM32U073RCT6, STM32U083C-DK, STM32U083CCT6, STM32U083CCU6, STM32U083HCY6TR, STM32U083KCU6, STM32U083MCI6, STM32U083MCT6, STM32U083RCI6, STM32U083RCT6, STM32U535CBT6, STM32U535CBT6Q, STM32U535CBU6, STM32U535CBU6Q, STM32U535CCT6, STM32U535CCT6Q, STM32U535CCU6, STM32U535CCU6Q, STM32U535CET6, STM32U535CET6Q, STM32U535CEU6, STM32U535CEU6Q, STM32U535JEY6QTR, STM32U535NCY6QTR, STM32U535NEY6QTR, STM32U535RBI6, STM32U535RBI6Q, STM32U535RBT6, STM32U535RBT6Q, STM32U535RCI6, STM32U535RCI6Q, STM32U535RCT6, STM32U535RCT6Q, STM32U535REI6, STM32U535REI6Q, STM32U535RET6, STM32U535RET6Q, STM32U535VCI6, STM32U535VCI6Q, STM32U535VCT6, STM32U535VCT6Q, STM32U535VEI6, STM32U535VEI6Q, STM32U535VET6, STM32U535VET6Q, STM32U545CET6, STM32U545CET6Q, STM32U545CEU6, STM32U545CEU6Q, STM32U545JEY6QTR, STM32U545NEY6QTR, STM32U545REI6, STM32U545REI6Q, STM32U545RET6, STM32U545RET6Q, STM32U545VEI6, STM32U545VEI6Q, STM32U545VET6, STM32U545VET6Q, STM32U595AIH6, STM32U595AIH6Q, STM32U595AJH6, STM32U595AJH6Q, STM32U595QII6, STM32U595QII6Q, STM32U595QJI6, STM32U595QJI6Q, STM32U595RIT6, STM32U595RIT6Q, STM32U595RJT6, STM32U595RJT6Q, STM32U595VIT6, STM32U595VIT6Q, STM32U595VJT6, STM32U595VJT6Q, STM32U595ZIT6, STM32U595ZIT6Q, STM32U595ZIY6QTR, STM32U595ZJT6, STM32U595ZJT6Q, STM32U595ZJY6QTR, STM32U599BJY6QTR, STM32U599NIH6Q, STM32U599NJH6Q, STM32U599VIT6Q, STM32U599VJT6, STM32U599VJT6Q, STM32U599ZIT6Q, STM32U599ZIY6QTR, STM32U599ZJT6Q, STM32U599ZJY6QTR, STM32U5A5AJH6, STM32U5A5AJH6Q, STM32U5A5QII3Q , STM32U5A5QJI6, STM32U5A5QJI6Q, STM32U5A5RJT6, STM32U5A5RJT6Q, STM32U5A5VJT6, STM32U5A5VJT6Q, STM32U5A5ZJT6, STM32U5A5ZJT6Q, STM32U5A5ZJY6QTR, STM32U5A9BJY6QTR, STM32U5A9J-DK, STM32U5A9NJH6Q, STM32U5A9VJT6Q, STM32U5A9ZJT6Q, STM32U5A9ZJY6QTR, STM32U5F7VIT6, STM32U5F7VIT6Q, STM32U5F7VJT6, STM32U5F7VJT6Q, STM32U5F9BJY6QTR, STM32U5F9NJH6Q, STM32U5F9VIT6Q, STM32U5F9VJT6Q, STM32U5F9ZIJ6QTR, STM32U5F9ZIT6Q, STM32U5F9ZJJ6QTR, STM32U5F9ZJT6Q, STM32U5G7VJT6, STM32U5G7VJT6Q, STM32U5G9BJY6QTR, STM32U5G9J-DK1, STM32U5G9J-DK2, STM32U5G9NJH6Q, STM32U5G9VJT6Q, STM32U5G9ZJJ6QTR, STM32U5G9ZJT6Q, STM32WB05KZV6TR, STM32WB05KZV7TR, STM32WB05TZF6TR, STM32WB05TZF7TR, STM32WB06CCF6TR, STM32WB06CCF7TR, STM32WB06CCV6TR, STM32WB06CCV7TR, STM32WB06KCV6TR, STM32WB06KCV7TR, STM32WB07CCF6TR, STM32WB07CCF7TR, STM32WB07CCV6TR, STM32WB07CCV7TR, STM32WB07KCV6TR, STM32WB07KCV7TR, STM32WB09KEV6TR, STM32WB09KEV7TR, STM32WB09TEF6TR, STM32WB09TEF7TR, STM32WB1MMCH6, STM32WBA50KGU6, STM32WBA50KGU6TR, STM32WBA52CEU6, STM32WBA52CEU6TR, STM32WBA52CEU7, STM32WBA52CEU7TR, STM32WBA52CGU6, STM32WBA52CGU6TR, STM32WBA52CGU6U, STM32WBA52CGU7, STM32WBA52CGU7TR, STM32WBA52KEU6, STM32WBA52KEU6TR, STM32WBA52KGU6, STM32WBA52KGU6TR, STM32WBA54CEU6, STM32WBA54CEU6TR, STM32WBA54CEU7, STM32WBA54CEU7TR, STM32WBA54CGU6, STM32WBA54CGU6TR, STM32WBA54CGU7, STM32WBA54CGU7TR, STM32WBA54KEU6, STM32WBA54KEU6TR, STM32WBA54KEU7, STM32WBA54KEU7TR, STM32WBA54KGU6, STM32WBA54KGU6TR, STM32WBA54KGU7, STM32WBA54KGU7TR, STM32WBA55CEU6, STM32WBA55CEU6TR, STM32WBA55CEU7, STM32WBA55CEU7TR, STM32WBA55CGU6, STM32WBA55CGU6TR, STM32WBA55CGU6U, STM32WBA55CGU7, STM32WBA55CGU7TR, STM32WBA55G-DK1, STM32WBA55HEF6, STM32WBA55HEF7, STM32WBA55HGF6, STM32WBA55HGF7, STM32WBA55UEI6, STM32WBA55UEI6TR, STM32WBA55UEI7, STM32WBA55UEI7TR, STM32WBA55UGI6, STM32WBA55UGI6TR, STM32WBA55UGI7, STM32WBA55UGI7TR, STM32WL5MOCH6, STM32WL5MOCH6TR]
2025-06-29 16:44:36,879 [INFO] BoardInfo:889 - No configuration file found for board B-WBA5M-WPAN
2025-06-29 16:44:36,880 [INFO] DbBoards:161 - Board is not supported: B-WBA5M-WPAN
2025-06-29 16:44:36,886 [INFO] BoardInfo:889 - No configuration file found for board NUCLEO-C051C8
2025-06-29 16:44:36,887 [INFO] DbBoards:161 - Board is not supported: NUCLEO-C051C8
2025-06-29 16:44:36,891 [INFO] BoardInfo:889 - No configuration file found for board NUCLEO-C092RC
2025-06-29 16:44:36,891 [INFO] DbBoards:161 - Board is not supported: NUCLEO-C092RC
2025-06-29 16:44:37,027 [INFO] BoardInfo:889 - No configuration file found for board NUCLEO-N657X0-Q
2025-06-29 16:44:37,029 [INFO] DbBoards:161 - Board is not supported: NUCLEO-N657X0-Q
2025-06-29 16:44:37,035 [INFO] BoardInfo:889 - No configuration file found for board NUCLEO-U385RG-Q
2025-06-29 16:44:37,036 [INFO] DbBoards:161 - Board is not supported: NUCLEO-U385RG-Q
2025-06-29 16:44:37,055 [INFO] BoardInfo:889 - No configuration file found for board NUCLEO-WBA65RI
2025-06-29 16:44:37,056 [INFO] DbBoards:161 - Board is not supported: NUCLEO-WBA65RI
2025-06-29 16:44:37,058 [INFO] BoardInfo:889 - No configuration file found for board NUCLEO-WL33CC1
2025-06-29 16:44:37,058 [INFO] DbBoards:161 - Board is not supported: NUCLEO-WL33CC1
2025-06-29 16:44:37,058 [INFO] BoardInfo:889 - No configuration file found for board NUCLEO-WL33CC2
2025-06-29 16:44:37,059 [INFO] DbBoards:161 - Board is not supported: NUCLEO-WL33CC2
2025-06-29 16:44:37,067 [INFO] BoardInfo:889 - No configuration file found for board P-NUCLEO-WB55
2025-06-29 16:44:37,069 [INFO] DbBoards:161 - Kit is not supported: P-NUCLEO-WB55
2025-06-29 16:44:37,076 [INFO] BoardInfo:889 - No configuration file found for board STEVAL-BFA001V1B
2025-06-29 16:44:37,077 [INFO] DbBoards:161 - Kit is not supported: STEVAL-BFA001V1B
2025-06-29 16:44:37,077 [INFO] BoardInfo:889 - No configuration file found for board STEVAL-BFA001V2B
2025-06-29 16:44:37,079 [INFO] DbBoards:161 - Kit is not supported: STEVAL-BFA001V2B
2025-06-29 16:44:37,246 [INFO] BoardInfo:889 - No configuration file found for board STM32N6570-DK
2025-06-29 16:44:37,247 [INFO] DbBoards:161 - Board is not supported: STM32N6570-DK
2025-06-29 16:44:37,261 [INFO] BoardInfo:889 - No configuration file found for board STM32WBA65I-DK1
2025-06-29 16:44:37,261 [INFO] DbBoards:161 - Board is not supported: STM32WBA65I-DK1
2025-06-29 16:44:37,261 [INFO] DbBoards:168 - Found 211 boards, 198 are supported
2025-06-29 16:44:37,262 [INFO] DbBoards:169 - Found 211 boards, 25 of them is supported for  Bsp
2025-06-29 16:44:37,276 [INFO] ApiDb:423 - Load user favorites file C:\Users\tranc/.stm32cubeide/favorites.boards.txt: 0 item(s)
2025-06-29 16:44:37,276 [INFO] ApiDb:427 - User favorites Boards=[]
2025-06-29 16:44:37,277 [INFO] DbBoards:198 - Set 0 / 0 favorites Boards
2025-06-29 16:44:37,278 [INFO] ApiDb:668 - CubeFinder database Data Model version=2.1
2025-06-29 16:44:37,279 [INFO] ApiDb:669 - CubeFinder database Configuration version=3.0.39
2025-06-29 16:44:37,279 [INFO] ApiDb:670 - CubeFinder database generation date=2025-06-16 (1750072209)
2025-06-29 16:44:37,279 [INFO] ApiDb:671 - CubeFinder database FW Pack versions=[FP-ATR-ASTRA1_V2.0.0, FP-SNS-FLIGHT1_V5.1.0, FP-SNS-MOTENV1_V5.0.0, FP-SNS-MOTENVWB1_V1.4.0, FP-SNS-SMARTAG2_V1.2.0, FP-SNS-STBOX1_V2.0.0, STM32Cube_FW_C0_V1.4.0, STM32Cube_FW_F4_V1.28.2, STM32Cube_FW_F7_V1.17.3, STM32Cube_FW_G0_V1.6.2, STM32Cube_FW_G4_V1.6.1, STM32Cube_FW_H5_V1.5.0, STM32Cube_FW_H7RS_V1.2.0, STM32Cube_FW_H7_V1.12.1, STM32Cube_FW_L0_V1.12.2, STM32Cube_FW_L4_V1.18.1, STM32Cube_FW_L5_V1.5.1, STM32Cube_FW_N6_V1.1.1, STM32Cube_FW_U0_V1.2.0, STM32Cube_FW_U3_V1.1.0, STM32Cube_FW_U5_V1.7.0, STM32Cube_FW_WB0_V1.2.0, STM32Cube_FW_WBA_V1.6.0, STM32Cube_FW_WB_V1.22.0, STM32Cube_FW_WL3_V1.1.0, STM32Cube_FW_WL_V1.3.1, X-CUBE-ALGOBUILD_V1.4.0, X-CUBE-ALS_V1.0.2, X-CUBE-AZRTOS-F4_V1.1.0, X-CUBE-AZRTOS-F7_V1.1.0, X-CUBE-AZRTOS-G0_V1.1.0, X-CUBE-AZRTOS-G4_V2.0.0, X-CUBE-AZRTOS-H7RS_V1.1.0, X-CUBE-AZRTOS-H7_V3.3.0, X-CUBE-AZRTOS-L4_V2.0.0, X-CUBE-AZRTOS-L5_V2.0.0, X-CUBE-AZRTOS-WB_V2.0.0, X-CUBE-AZRTOS-WL_V2.0.0, X-CUBE-BLE1_V7.1.0, X-CUBE-BLE2_V3.3.0, X-CUBE-BLEMGR_V4.0.0, X-CUBE-EEPRMA1_V5.1.0, X-CUBE-FREERTOS_V1.3.1, X-CUBE-GNSS1_V6.0.0, X-CUBE-MEMS1_V11.3.0, X-CUBE-NFC4_V3.0.0, X-CUBE-NFC7_V2.0.0, X-CUBE-SFXS2LP1_V4.0.0, X-CUBE-SUBG2_V5.0.0, X-CUBE-TOF1_V3.4.3]
2025-06-29 16:44:38,497 [ERROR] DbExamplesSqlite:437 - Missing JSON key: board_cpn
2025-06-29 16:44:38,499 [ERROR] DbExamplesSqlite:437 - Missing JSON key: board_cpn
2025-06-29 16:44:38,499 [ERROR] DbExamplesSqlite:437 - Missing JSON key: board_cpn
2025-06-29 16:44:38,499 [ERROR] DbExamplesSqlite:437 - Missing JSON key: board_cpn
2025-06-29 16:44:38,723 [ERROR] DbExamplesSqlite:437 - Missing JSON key: board_cpn
2025-06-29 16:44:38,724 [ERROR] DbExamplesSqlite:437 - Missing JSON key: board_cpn
2025-06-29 16:44:38,724 [ERROR] DbExamplesSqlite:437 - Missing JSON key: board_cpn
2025-06-29 16:44:38,725 [ERROR] DbExamplesSqlite:437 - Missing JSON key: board_cpn
2025-06-29 16:44:38,725 [ERROR] DbExamplesSqlite:437 - Missing JSON key: board_cpn
2025-06-29 16:44:38,725 [ERROR] DbExamplesSqlite:437 - Missing JSON key: board_cpn
2025-06-29 16:44:38,725 [ERROR] DbExamplesSqlite:437 - Missing JSON key: board_cpn
2025-06-29 16:44:38,725 [ERROR] DbExamplesSqlite:437 - Missing JSON key: board_cpn
2025-06-29 16:44:38,726 [ERROR] DbExamplesSqlite:437 - Missing JSON key: board_cpn
2025-06-29 16:44:38,963 [ERROR] DbExamplesSqlite:437 - Missing JSON key: board_cpn
2025-06-29 16:44:38,977 [INFO] DbExamplesSqlite:395 - Ignored 46 examples not supported by CubeIDE
2025-06-29 16:44:38,978 [INFO] DbExamplesSqlite:396 - Found 10825 examples active
2025-06-29 16:44:38,978 [INFO] DbExamplesSqlite:397 - Found 0 examples obsolete
2025-06-29 16:44:38,978 [INFO] DbExamplesSqlite:398 - Found 0 examples under development
2025-06-29 16:44:38,978 [INFO] DbExamplesSqlite:399 - Found 79 examples not building
2025-06-29 16:44:38,981 [INFO] DbExamples:125 - Found 10858 examples
2025-06-29 16:44:39,006 [ERROR] DbExamples:208 - Found 3 examples with invalid data (board or MCU)
2025-06-29 16:44:39,006 [INFO] DbExamples:222 - Found 133 boards with related examples
2025-06-29 16:44:39,007 [INFO] DbExamples:235 - Found 109 MCUs with related examples
2025-06-29 16:44:39,036 [INFO] ApiDb:414 - User favorites file not found: C:\Users\tranc/.stm32cubeide/favorites.examples.txt
2025-06-29 16:44:39,036 [INFO] DbExamples:250 - Set 0 / 0 favorites Examples
2025-06-29 16:44:39,460 [INFO] McuFinderGlobals:76 - Set McuFinderConnectedMode to true
2025-06-29 16:44:39,467 [INFO] MultiScanPanel:200 - Auto-refresh data requested => check proxy status ongoing
2025-06-29 16:44:39,470 [INFO] FinderPluginLoader:95 - Searching for filters in installed packs
2025-06-29 16:44:40,994 [INFO] LoadUrlFilesThread:185 - End of LoadServerUrlFiles without Thread
2025-06-29 16:44:41,037 [INFO] DetailPanel:341 - Set advertising image to C:/Users/tranc/STM32Cube/Repository/\en.cubemxfinderstm32wba6.jpg
2025-06-29 16:47:29,792 [INFO] MainUpdater:2873 - connection check result : 10
2025-06-29 16:47:29,792 [INFO] MainUpdater:2873 - connection check result : 10
2025-06-29 16:47:29,845 [INFO] RulesReader:64 - Compatibility file has been processed (297 Rules)
2025-06-29 16:47:29,857 [INFO] RulesReader:64 - Compatibility file has been processed (297 Rules)
2025-06-29 16:47:29,861 [INFO] MicroXplorer:468 - Change Database Path : 
2025-06-29 16:47:29,861 [INFO] MicroXplorer:498 - Change Database Version : DB.6.0.121
2025-06-29 16:47:29,868 [WARN] ThirdParty:871 - waiting for thirdparty lock release [close project]
2025-06-29 16:47:29,868 [INFO] ThirdParty:873 - entering critical section [close project]
2025-06-29 16:47:29,869 [INFO] ThirdParty:883 - exiting critical section [close project]
2025-06-29 16:47:29,871 [INFO] PinOutPanel:1561 - setPackage(No Configuration,No Configuration)
2025-06-29 16:47:29,876 [INFO] UtilMem:75 - Begin LoadConfig() Used Memory: 856954096 Bytes (1073741824)
2025-06-29 16:47:29,876 [INFO] MicroXplorer:468 - Change Database Path : 
2025-06-29 16:47:29,876 [INFO] MicroXplorer:498 - Change Database Version : DB.6.0.121
2025-06-29 16:47:29,877 [INFO] OpenFileManager:332 - Change cursor
2025-06-29 16:47:30,046 [INFO] Mcu:2032 - Initializing MCU STM32F411VETx STM32F411VETx STM32F411VET6
2025-06-29 16:47:31,406 [INFO] Context:742 - Trying to add GPIOservice into a context  which must be forbidden
2025-06-29 16:47:31,753 [INFO] ImportTextPane:205 - (OptionalMessage_ERROR) Unable to find key (Mcu.ThirdPartyNb) in loaded IOC file
2025-06-29 16:47:31,754 [INFO] ImportTextPane:205 - (OptionalMessage_ERROR) Unable to find key (Mcu.PinsNb) in loaded IOC file
2025-06-29 16:47:31,754 [INFO] ImportTextPane:205 - (OptionalMessage_ERROR) Unable to find key (Mcu.IPNb) in loaded IOC file
2025-06-29 16:47:31,998 [INFO] RtosManager:555 - Registered RTOS mode: class=CMSIS, group=RTOS, mode=CMSIS_V1, owner=FREERTOS
2025-06-29 16:47:31,998 [INFO] RtosManager:555 - Registered RTOS mode: class=CMSIS, group=RTOS2, mode=CMSIS_V2, owner=FREERTOS
2025-06-29 16:47:31,998 [INFO] RtosManager:555 - Registered RTOS mode: class=RTOS, group=Core, mode=CMSIS_V1, owner=FREERTOS
2025-06-29 16:47:31,998 [INFO] RtosManager:555 - Registered RTOS mode: class=RTOS, group=Core, mode=CMSIS_V2, owner=FREERTOS
2025-06-29 16:47:31,998 [WARN] ModelIntegratedComponent:184 - Missing modes for component STMicroelectronics:FreeRTOS:0.0.1:STMicroelectronics:RTOS:FreeRTOS:Core:::10.2.0:
2025-06-29 16:47:32,006 [WARN] ModelIntegratedComponent:182 - Modes not found for component STMicroelectronics:USB_HOST:1.0.0:STMicroelectronics:USB::USB Host:Audio HS::1.0:USB_HOST_1_0_RESTRICTED_HS
2025-06-29 16:47:32,006 [WARN] ModelIntegratedComponent:188 - Modes not found for component STMicroelectronics:USB_HOST:1.0.0:STMicroelectronics:USB::USB Host:Audio HS::1.0:USB_HOST_1_0_RESTRICTED_HS
2025-06-29 16:47:32,006 [WARN] ModelIntegratedComponent:182 - Modes not found for component STMicroelectronics:USB_HOST:1.0.0:STMicroelectronics:USB::USB Host:CDC HS::1.0:USB_HOST_1_0_RESTRICTED_HS
2025-06-29 16:47:32,006 [WARN] ModelIntegratedComponent:188 - Modes not found for component STMicroelectronics:USB_HOST:1.0.0:STMicroelectronics:USB::USB Host:CDC HS::1.0:USB_HOST_1_0_RESTRICTED_HS
2025-06-29 16:47:32,006 [WARN] ModelIntegratedComponent:182 - Modes not found for component STMicroelectronics:USB_HOST:1.0.0:STMicroelectronics:USB::USB Host:MSC HS::1.0:USB_HOST_1_0_RESTRICTED_HS
2025-06-29 16:47:32,006 [WARN] ModelIntegratedComponent:188 - Modes not found for component STMicroelectronics:USB_HOST:1.0.0:STMicroelectronics:USB::USB Host:MSC HS::1.0:USB_HOST_1_0_RESTRICTED_HS
2025-06-29 16:47:32,006 [WARN] ModelIntegratedComponent:182 - Modes not found for component STMicroelectronics:USB_HOST:1.0.0:STMicroelectronics:USB::USB Host:HID HS::1.0:USB_HOST_1_0_RESTRICTED_HS
2025-06-29 16:47:32,006 [WARN] ModelIntegratedComponent:188 - Modes not found for component STMicroelectronics:USB_HOST:1.0.0:STMicroelectronics:USB::USB Host:HID HS::1.0:USB_HOST_1_0_RESTRICTED_HS
2025-06-29 16:47:32,006 [WARN] ModelIntegratedComponent:182 - Modes not found for component STMicroelectronics:USB_HOST:1.0.0:STMicroelectronics:USB::USB Host:MTP HS::1.0:USB_HOST_1_0_RESTRICTED_HS
2025-06-29 16:47:32,006 [WARN] ModelIntegratedComponent:188 - Modes not found for component STMicroelectronics:USB_HOST:1.0.0:STMicroelectronics:USB::USB Host:MTP HS::1.0:USB_HOST_1_0_RESTRICTED_HS
2025-06-29 16:47:32,011 [WARN] ModelIntegratedComponent:63 - No mode defined for component null
2025-06-29 16:47:32,011 [WARN] ModelIntegratedComponent:63 - No mode defined for component null
2025-06-29 16:47:32,012 [WARN] ModelIntegratedComponent:63 - No mode defined for component null
2025-06-29 16:47:32,012 [WARN] ModelIntegratedComponent:63 - No mode defined for component null
2025-06-29 16:47:32,012 [WARN] ModelIntegratedComponent:63 - No mode defined for component null
2025-06-29 16:47:32,012 [WARN] ModelIntegratedComponent:63 - No mode defined for component null
2025-06-29 16:47:32,012 [WARN] ModelIntegratedComponent:63 - No mode defined for component null
2025-06-29 16:47:32,012 [WARN] ModelIntegratedComponent:63 - No mode defined for component null
2025-06-29 16:47:32,012 [WARN] ModelIntegratedComponent:63 - No mode defined for component null
2025-06-29 16:47:32,012 [WARN] ModelIntegratedComponent:63 - No mode defined for component null
2025-06-29 16:47:32,012 [WARN] ModelIntegratedComponent:63 - No mode defined for component null
2025-06-29 16:47:32,012 [WARN] ModelIntegratedComponent:63 - No mode defined for component null
2025-06-29 16:47:32,012 [WARN] ModelIntegratedComponent:63 - No mode defined for component null
2025-06-29 16:47:32,012 [WARN] ModelIntegratedComponent:63 - No mode defined for component null
2025-06-29 16:47:32,012 [WARN] ModelIntegratedComponent:63 - No mode defined for component null
2025-06-29 16:47:32,012 [WARN] ModelIntegratedComponent:63 - No mode defined for component null
2025-06-29 16:47:32,012 [WARN] ModelIntegratedComponent:63 - No mode defined for component null
2025-06-29 16:47:32,012 [WARN] ModelIntegratedComponent:63 - No mode defined for component null
2025-06-29 16:47:32,012 [WARN] ModelIntegratedComponent:63 - No mode defined for component null
2025-06-29 16:47:32,012 [WARN] ModelIntegratedComponent:63 - No mode defined for component null
2025-06-29 16:47:32,012 [WARN] ModelIntegratedComponent:63 - No mode defined for component null
2025-06-29 16:47:32,012 [WARN] ModelIntegratedComponent:63 - No mode defined for component null
2025-06-29 16:47:32,012 [WARN] ModelIntegratedComponent:63 - No mode defined for component null
2025-06-29 16:47:32,012 [WARN] ModelIntegratedComponent:63 - No mode defined for component null
2025-06-29 16:47:32,012 [WARN] ModelIntegratedComponent:63 - No mode defined for component null
2025-06-29 16:47:32,012 [WARN] ModelIntegratedComponent:63 - No mode defined for component null
2025-06-29 16:47:32,012 [WARN] ModelIntegratedComponent:63 - No mode defined for component null
2025-06-29 16:47:32,012 [WARN] ModelIntegratedComponent:63 - No mode defined for component null
2025-06-29 16:47:32,012 [WARN] ModelIntegratedComponent:63 - No mode defined for component null
2025-06-29 16:47:32,012 [WARN] ModelIntegratedComponent:63 - No mode defined for component null
2025-06-29 16:47:32,012 [WARN] ModelIntegratedComponent:63 - No mode defined for component null
2025-06-29 16:47:32,012 [WARN] ModelIntegratedComponent:63 - No mode defined for component null
2025-06-29 16:47:32,013 [WARN] ModelIntegratedComponent:63 - No mode defined for component null
2025-06-29 16:47:32,013 [WARN] ModelIntegratedComponent:63 - No mode defined for component null
2025-06-29 16:47:32,013 [WARN] ModelIntegratedComponent:63 - No mode defined for component null
2025-06-29 16:47:32,013 [WARN] ModelPack:524 - Component already loaded: STMicroelectronics:HAL Drivers:0.0.0:STMicroelectronics:Device:STMicro_Driver:XSPI:HAL::0.0.1:HAL_XSPI
2025-06-29 16:47:32,150 [WARN] ModelIntegratedComponent:182 - Modes not found for component STMicroelectronics:USB_DEVICE:1.0.0:STMicroelectronics:USB::USB Device:Audio HS::1.0:USB_DEVICE_1_0_RESTRICTED_HS
2025-06-29 16:47:32,150 [WARN] ModelIntegratedComponent:188 - Modes not found for component STMicroelectronics:USB_DEVICE:1.0.0:STMicroelectronics:USB::USB Device:Audio HS::1.0:USB_DEVICE_1_0_RESTRICTED_HS
2025-06-29 16:47:32,150 [WARN] ModelIntegratedComponent:182 - Modes not found for component STMicroelectronics:USB_DEVICE:1.0.0:STMicroelectronics:USB::USB Device:CDC HS::1.0:USB_DEVICE_1_0_RESTRICTED_HS
2025-06-29 16:47:32,150 [WARN] ModelIntegratedComponent:188 - Modes not found for component STMicroelectronics:USB_DEVICE:1.0.0:STMicroelectronics:USB::USB Device:CDC HS::1.0:USB_DEVICE_1_0_RESTRICTED_HS
2025-06-29 16:47:32,150 [WARN] ModelIntegratedComponent:182 - Modes not found for component STMicroelectronics:USB_DEVICE:1.0.0:STMicroelectronics:USB::USB Device:DFU HS::1.0:USB_DEVICE_1_0_RESTRICTED_HS
2025-06-29 16:47:32,150 [WARN] ModelIntegratedComponent:188 - Modes not found for component STMicroelectronics:USB_DEVICE:1.0.0:STMicroelectronics:USB::USB Device:DFU HS::1.0:USB_DEVICE_1_0_RESTRICTED_HS
2025-06-29 16:47:32,150 [WARN] ModelIntegratedComponent:182 - Modes not found for component STMicroelectronics:USB_DEVICE:1.0.0:STMicroelectronics:USB::USB Device:HID HS::1.0:USB_DEVICE_1_0_RESTRICTED_HS
2025-06-29 16:47:32,150 [WARN] ModelIntegratedComponent:188 - Modes not found for component STMicroelectronics:USB_DEVICE:1.0.0:STMicroelectronics:USB::USB Device:HID HS::1.0:USB_DEVICE_1_0_RESTRICTED_HS
2025-06-29 16:47:32,150 [WARN] ModelIntegratedComponent:182 - Modes not found for component STMicroelectronics:USB_DEVICE:1.0.0:STMicroelectronics:USB::USB Device:Custom HID HS::1.0:USB_DEVICE_1_0_RESTRICTED_HS
2025-06-29 16:47:32,150 [WARN] ModelIntegratedComponent:188 - Modes not found for component STMicroelectronics:USB_DEVICE:1.0.0:STMicroelectronics:USB::USB Device:Custom HID HS::1.0:USB_DEVICE_1_0_RESTRICTED_HS
2025-06-29 16:47:32,150 [WARN] ModelIntegratedComponent:182 - Modes not found for component STMicroelectronics:USB_DEVICE:1.0.0:STMicroelectronics:USB::USB Device:MSC HS::1.0:USB_DEVICE_1_0_RESTRICTED_HS
2025-06-29 16:47:32,150 [WARN] ModelIntegratedComponent:188 - Modes not found for component STMicroelectronics:USB_DEVICE:1.0.0:STMicroelectronics:USB::USB Device:MSC HS::1.0:USB_DEVICE_1_0_RESTRICTED_HS
2025-06-29 16:47:32,164 [INFO] ThirdPartyModel:298 - Start build external matchings
2025-06-29 16:47:34,008 [INFO] ThirdPartyModel:316 - End build external matchings
2025-06-29 16:47:34,254 [INFO] UtilMem:75 - End LoadConfig() Used Memory: 736851576 Bytes (1073741824)
2025-06-29 16:47:34,307 [WARN] ThirdParty:833 - waiting for thirdparty lock release [change project]
2025-06-29 16:47:34,308 [INFO] ThirdParty:835 - entering critical section [change project]
2025-06-29 16:47:34,308 [INFO] ThirdParty:1030 - CMSIS Pack Vendor :STMicroelectronics X-CUBE-PM33A1 1.0.0
2025-06-29 16:47:34,308 [INFO] ThirdParty:1030 - CMSIS Pack Vendor :STMicroelectronics USBPD 4.1
2025-06-29 16:47:34,308 [INFO] ThirdParty:1030 - CMSIS Pack Vendor :STMicroelectronics X-CUBE-AZRTOS-H7 3.3.0
2025-06-29 16:47:34,308 [INFO] ThirdParty:1030 - CMSIS Pack Vendor :STMicroelectronics X-CUBE-NFC9 1.0.0
2025-06-29 16:47:34,308 [INFO] ThirdParty:1030 - CMSIS Pack Vendor :STMicroelectronics USB_HOST 2.0.0
2025-06-29 16:47:34,308 [INFO] ThirdParty:1030 - CMSIS Pack Vendor :STMicroelectronics FP-SNS-MOTENVWB1 1.4.0
2025-06-29 16:47:34,308 [INFO] ThirdParty:1030 - CMSIS Pack Vendor :STMicroelectronics X-CUBE-AZRTOS-F4 1.1.0
2025-06-29 16:47:34,308 [INFO] ThirdParty:1030 - CMSIS Pack Vendor :STMicroelectronics LIBJPEG 8.0.0
2025-06-29 16:47:34,308 [INFO] ThirdParty:1030 - CMSIS Pack Vendor :STMicroelectronics FP-ATR-ASTRA1 2.0.2
2025-06-29 16:47:34,309 [INFO] ThirdParty:1030 - CMSIS Pack Vendor :STMicroelectronics FP-ATR-ASTRA1 2.0.1
2025-06-29 16:47:34,309 [INFO] ThirdParty:1030 - CMSIS Pack Vendor :STMicroelectronics X-CUBE-BLE1 7.1.0
2025-06-29 16:47:34,309 [INFO] ThirdParty:1030 - CMSIS Pack Vendor :STMicroelectronics X-CUBE-SMBUS 2.1.0
2025-06-29 16:47:34,309 [INFO] ThirdParty:1030 - CMSIS Pack Vendor :STMicroelectronics X-CUBE-WB05N 1.1.0
2025-06-29 16:47:34,309 [INFO] ThirdParty:1030 - CMSIS Pack Vendor :STMicroelectronics USB_DEVICE 3.0.0
2025-06-29 16:47:34,309 [INFO] ThirdParty:1030 - CMSIS Pack Vendor :STMicroelectronics X-CUBE-TCPP 4.1.0
2025-06-29 16:47:34,309 [INFO] ThirdParty:1030 - CMSIS Pack Vendor :STMicroelectronics X-CUBE-ISPU 2.1.0
2025-06-29 16:47:34,309 [INFO] ThirdParty:1030 - CMSIS Pack Vendor :STMicroelectronics X-CUBE-FREERTOS 1.2.0
2025-06-29 16:47:34,309 [INFO] ThirdParty:1030 - CMSIS Pack Vendor :STMicroelectronics X-CUBE-IPS 3.0.0
2025-06-29 16:47:34,309 [INFO] ThirdParty:1030 - CMSIS Pack Vendor :STMicroelectronics X-CUBE-AZRTOS-WB 2.0.0
2025-06-29 16:47:34,309 [INFO] ThirdParty:1030 - CMSIS Pack Vendor :STMicroelectronics X-CUBE-GNSS1 7.0.0
2025-06-29 16:47:34,309 [INFO] ThirdParty:1030 - CMSIS Pack Vendor :STMicroelectronics X-CUBE-GNSS1 7.0.1
2025-06-29 16:47:34,310 [INFO] ThirdParty:1030 - CMSIS Pack Vendor :STMicroelectronics X-CUBE-AZRTOS-F7 1.1.0
2025-06-29 16:47:34,310 [INFO] ThirdParty:1030 - CMSIS Pack Vendor :STMicroelectronics X-CUBE-AZRTOS-L5 2.0.0
2025-06-29 16:47:34,310 [INFO] ThirdParty:1030 - CMSIS Pack Vendor :STMicroelectronics X-CUBE-TOUCHGFX 4.25.0
2025-06-29 16:47:34,310 [INFO] ThirdParty:1030 - CMSIS Pack Vendor :STMicroelectronics USB_DEVICE 2.0.0
2025-06-29 16:47:34,310 [INFO] ThirdParty:1030 - CMSIS Pack Vendor :STMicroelectronics X-CUBE-NFC6 3.1.0
2025-06-29 16:47:34,310 [INFO] ThirdParty:1030 - CMSIS Pack Vendor :STMicroelectronics X-CUBE-AI 10.1.0
2025-06-29 16:47:34,310 [INFO] ThirdParty:1030 - CMSIS Pack Vendor :STMicroelectronics FP-SNS-STBOX1 2.0.0
2025-06-29 16:47:34,310 [INFO] ThirdParty:1030 - CMSIS Pack Vendor :STMicroelectronics X-CUBE-MEMS1 11.0.0
2025-06-29 16:47:34,310 [INFO] ThirdParty:1030 - CMSIS Pack Vendor :STMicroelectronics X-CUBE-MEMS1 11.2.0
2025-06-29 16:47:34,310 [INFO] ThirdParty:1030 - CMSIS Pack Vendor :STMicroelectronics FreeRTOS 0.0.1
2025-06-29 16:47:34,310 [INFO] ThirdParty:1030 - CMSIS Pack Vendor :STMicroelectronics X-CUBE-AZRTOS-G0 1.1.0
2025-06-29 16:47:34,310 [INFO] ThirdParty:1030 - CMSIS Pack Vendor :STMicroelectronics X-CUBE-SAFEA1 1.2.2
2025-06-29 16:47:34,310 [INFO] ThirdParty:1030 - CMSIS Pack Vendor :STMicroelectronics X-CUBE-NFC4 3.0.0
2025-06-29 16:47:34,310 [INFO] ThirdParty:1030 - CMSIS Pack Vendor :STMicroelectronics X-CUBE-DPower 1.2.0
2025-06-29 16:47:34,310 [INFO] ThirdParty:1030 - CMSIS Pack Vendor :STMicroelectronics X-CUBE-SUBG2 5.0.0
2025-06-29 16:47:34,310 [INFO] ThirdParty:1030 - CMSIS Pack Vendor :STMicroelectronics X-CUBE-AZRTOS-H7RS 1.1.0
2025-06-29 16:47:34,310 [INFO] ThirdParty:1030 - CMSIS Pack Vendor :STMicroelectronics STM32_WPAN 1.0.0
2025-06-29 16:47:34,310 [INFO] ThirdParty:1030 - CMSIS Pack Vendor :EmbeddedOffice I-CUBE-FS-RTOS 1.0.1
2025-06-29 16:47:34,310 [INFO] ThirdParty:1030 - CMSIS Pack Vendor :STMicroelectronics lwIP 2.0.3
2025-06-29 16:47:34,310 [INFO] ThirdParty:1030 - CMSIS Pack Vendor :STMicroelectronics FP-SNS-FLIGHT1 5.0.2
2025-06-29 16:47:34,310 [INFO] ThirdParty:1030 - CMSIS Pack Vendor :Cesanta I-CUBE-Mongoose 7.13.0
2025-06-29 16:47:34,311 [INFO] ThirdParty:1030 - CMSIS Pack Vendor :STMicroelectronics USB_HOST 1.0.0
2025-06-29 16:47:34,311 [INFO] ThirdParty:1030 - CMSIS Pack Vendor :STMicroelectronics X-CUBE-AZRTOS-G4 2.0.0
2025-06-29 16:47:34,311 [INFO] ThirdParty:1030 - CMSIS Pack Vendor :STMicroelectronics X-CUBE-WB05N 2.0.0
2025-06-29 16:47:34,311 [INFO] ThirdParty:1030 - CMSIS Pack Vendor :STMicroelectronics PDM2PCM 3.1.0
2025-06-29 16:47:34,311 [INFO] ThirdParty:1030 - CMSIS Pack Vendor :STMicroelectronics PDM2PCM 3.3.0
2025-06-29 16:47:34,311 [INFO] ThirdParty:1030 - CMSIS Pack Vendor :STMicroelectronics X-CUBE-DISPLAY 3.0.0
2025-06-29 16:47:34,311 [INFO] ThirdParty:1030 - CMSIS Pack Vendor :STMicroelectronics X-CUBE-NFC7 2.0.0
2025-06-29 16:47:34,311 [INFO] ThirdParty:1030 - CMSIS Pack Vendor :RealThread X-CUBE-RT-Thread_Nano 4.1.1
2025-06-29 16:47:34,311 [INFO] ThirdParty:1030 - CMSIS Pack Vendor :STMicroelectronics X-CUBE-BLE1 7.0.0
2025-06-29 16:47:34,311 [INFO] ThirdParty:1030 - CMSIS Pack Vendor :STMicroelectronics FP-ATR-SIGFOX1 3.2.0
2025-06-29 16:47:34,311 [INFO] ThirdParty:1030 - CMSIS Pack Vendor :STMicroelectronics X-CUBE-NFC10 1.0.0
2025-06-29 16:47:34,311 [INFO] ThirdParty:1030 - CMSIS Pack Vendor :quantropi X-CUBE-qispace-sdk-base 1.9.3
2025-06-29 16:47:34,311 [INFO] ThirdParty:1030 - CMSIS Pack Vendor :STMicroelectronics X-CUBE-BLEMGR 4.0.0
2025-06-29 16:47:34,311 [INFO] ThirdParty:1030 - CMSIS Pack Vendor :STMicroelectronics X-CUBE-EEPRMA1 5.1.0
2025-06-29 16:47:34,311 [INFO] ThirdParty:1030 - CMSIS Pack Vendor :STMicroelectronics X-CUBE-FREERTOS 1.3.1
2025-06-29 16:47:34,311 [INFO] ThirdParty:1030 - CMSIS Pack Vendor :STMicroelectronics HAL Drivers 0.0.0
2025-06-29 16:47:34,311 [INFO] ThirdParty:1030 - CMSIS Pack Vendor :STMicroelectronics MBEDTLS 2.16.2
2025-06-29 16:47:34,311 [INFO] ThirdParty:1030 - CMSIS Pack Vendor :STMicroelectronics X-CUBE-ALS 1.0.2
2025-06-29 16:47:34,311 [INFO] ThirdParty:1030 - CMSIS Pack Vendor :emotas I-CUBE-CANOPEN 1.3.0
2025-06-29 16:47:34,311 [INFO] ThirdParty:1030 - CMSIS Pack Vendor :STMicroelectronics X-CUBE-FREERTOS 1.3.0
2025-06-29 16:47:34,311 [INFO] ThirdParty:1030 - CMSIS Pack Vendor :wolfSSL I-CUBE-wolfSSL 5.7.4
2025-06-29 16:47:34,311 [INFO] ThirdParty:1030 - CMSIS Pack Vendor :STMicroelectronics X-CUBE-NFC7 1.0.1
2025-06-29 16:47:34,312 [INFO] ThirdParty:1030 - CMSIS Pack Vendor :STMicroelectronics MBEDTLS 2.14.1
2025-06-29 16:47:34,312 [INFO] ThirdParty:1030 - CMSIS Pack Vendor :ITTIA_DB I-CUBE-ITTIADB 8.9.0
2025-06-29 16:47:34,312 [INFO] ThirdParty:1030 - CMSIS Pack Vendor :STMicroelectronics X-CUBE-TOUCHGFX 4.24.2
2025-06-29 16:47:34,312 [INFO] ThirdParty:1030 - CMSIS Pack Vendor :STMicroelectronics X-CUBE-TOUCHGFX 4.24.1
2025-06-29 16:47:34,312 [INFO] ThirdParty:1030 - CMSIS Pack Vendor :wolfSSL I-CUBE-wolfTPM 3.4.0
2025-06-29 16:47:34,312 [INFO] ThirdParty:1030 - CMSIS Pack Vendor :portGmbH I-Cube-SoM-uGOAL 1.1.0
2025-06-29 16:47:34,312 [INFO] ThirdParty:1030 - CMSIS Pack Vendor :STMicroelectronics X-CUBE-BLEMGR 3.1.0
2025-06-29 16:47:34,312 [INFO] ThirdParty:1030 - CMSIS Pack Vendor :STMicroelectronics X-CUBE-AI 10.0.0
2025-06-29 16:47:34,312 [INFO] ThirdParty:1030 - CMSIS Pack Vendor :STMicroelectronics ThreadX 1.0.0
2025-06-29 16:47:34,312 [INFO] ThirdParty:1030 - CMSIS Pack Vendor :STMicroelectronics FP-SNS-SMARTAG2 1.2.0
2025-06-29 16:47:34,312 [INFO] ThirdParty:1030 - CMSIS Pack Vendor :STMicroelectronics X-CUBE-MEMS1 11.1.0
2025-06-29 16:47:34,312 [INFO] ThirdParty:1030 - CMSIS Pack Vendor :STMicroelectronics X-CUBE-AZRTOS-WL 2.0.0
2025-06-29 16:47:34,312 [INFO] ThirdParty:1030 - CMSIS Pack Vendor :SEGGER I-CUBE-embOS 1.3.1
2025-06-29 16:47:34,312 [INFO] ThirdParty:1030 - CMSIS Pack Vendor :STMicroelectronics X-CUBE-ALGOBUILD 1.4.0
2025-06-29 16:47:34,312 [INFO] ThirdParty:1030 - CMSIS Pack Vendor :STMicroelectronics X-CUBE-DPower 1.3.0
2025-06-29 16:47:34,312 [INFO] ThirdParty:1030 - CMSIS Pack Vendor :STMicroelectronics X-CUBE-MEMS1 11.3.0
2025-06-29 16:47:34,312 [INFO] ThirdParty:1030 - CMSIS Pack Vendor :STMicroelectronics FP-SNS-MOTENV1 5.0.0
2025-06-29 16:47:34,312 [INFO] ThirdParty:1030 - CMSIS Pack Vendor :STMicroelectronics USB_DEVICE 1.0.0
2025-06-29 16:47:34,312 [INFO] ThirdParty:1030 - CMSIS Pack Vendor :STMicroelectronics X-CUBE-AZRTOS-H7RS 1.0.0
2025-06-29 16:47:34,312 [INFO] ThirdParty:1030 - CMSIS Pack Vendor :wolfSSL I-CUBE-wolfMQTT 1.19.0
2025-06-29 16:47:34,313 [INFO] ThirdParty:1030 - CMSIS Pack Vendor :STMicroelectronics X-CUBE-AZRTOS-L4 2.0.0
2025-06-29 16:47:34,313 [INFO] ThirdParty:1030 - CMSIS Pack Vendor :STMicroelectronics ThreadX 0.0.2
2025-06-29 16:47:34,313 [INFO] ThirdParty:1030 - CMSIS Pack Vendor :WES I-CUBE-Cesium 1.3.0
2025-06-29 16:47:34,313 [INFO] ThirdParty:1030 - CMSIS Pack Vendor :STMicroelectronics lwIP 2.1.2
2025-06-29 16:47:34,313 [INFO] ThirdParty:1030 - CMSIS Pack Vendor :STMicroelectronics X-CUBE-SFXS2LP1 4.0.0
2025-06-29 16:47:34,313 [INFO] ThirdParty:1030 - CMSIS Pack Vendor :STMicroelectronics X-CUBE-BLE2 3.3.0
2025-06-29 16:47:34,313 [INFO] ThirdParty:1030 - CMSIS Pack Vendor :STMicroelectronics X-CUBE-TOF1 3.4.2
2025-06-29 16:47:34,313 [INFO] ThirdParty:1030 - CMSIS Pack Vendor :STMicroelectronics X-CUBE-AI 9.1.0
2025-06-29 16:47:34,313 [INFO] ThirdParty:1030 - CMSIS Pack Vendor :Infineon AIROC-Wi-Fi-Bluetooth-STM32 1.6.1
2025-06-29 16:47:34,313 [INFO] ThirdParty:1030 - CMSIS Pack Vendor :STMicroelectronics PDM2PCM 3.2.0
2025-06-29 16:47:34,313 [INFO] ThirdParty:1030 - CMSIS Pack Vendor :wolfSSL I-CUBE-wolfSSH 1.4.17
2025-06-29 16:47:34,313 [INFO] ThirdParty:841 - exiting critical section [change project]
2025-06-29 16:47:34,665 [INFO] PinOutPanel:1561 - setPackage(No Configuration,No Configuration)
2025-06-29 16:47:34,666 [INFO] PinOutPanel:1561 - setPackage(STM32F411VETx,LQFP100)
2025-06-29 16:47:35,029 [INFO] UtilMem:75 - Before build in PCC Used Memory: 927561536 Bytes (1073741824)
2025-06-29 16:47:35,670 [INFO] UtilMem:75 - After build in PCC Used Memory: 722868864 Bytes (1073741824)
2025-06-29 16:47:35,692 [INFO] IPUIPlugin:80 - create IPUIPlugin
2025-06-29 16:47:35,693 [INFO] IPUIPlugin:80 - create IPUIPlugin
2025-06-29 16:47:35,693 [INFO] IPUIPlugin:80 - create IPUIPlugin
2025-06-29 16:47:35,693 [INFO] IPUIPlugin:80 - create IPUIPlugin
2025-06-29 16:47:35,693 [INFO] IPUIPlugin:80 - create IPUIPlugin
2025-06-29 16:47:35,693 [INFO] IPUIPlugin:80 - create IPUIPlugin
2025-06-29 16:47:35,693 [INFO] IPUIPlugin:80 - create IPUIPlugin
2025-06-29 16:47:35,693 [INFO] IPUIPlugin:80 - create IPUIPlugin
2025-06-29 16:47:35,693 [INFO] IPUIPlugin:80 - create IPUIPlugin
2025-06-29 16:47:35,693 [INFO] IPUIPlugin:80 - create IPUIPlugin
2025-06-29 16:47:35,693 [INFO] IPUIPlugin:80 - create IPUIPlugin
2025-06-29 16:47:35,693 [INFO] IPUIPlugin:80 - create IPUIPlugin
2025-06-29 16:47:35,693 [INFO] IPUIPlugin:80 - create IPUIPlugin
2025-06-29 16:47:35,694 [INFO] IPUIPlugin:80 - create IPUIPlugin
2025-06-29 16:47:35,694 [INFO] IPUIPlugin:80 - create IPUIPlugin
2025-06-29 16:47:35,694 [INFO] IPUIPlugin:80 - create IPUIPlugin
2025-06-29 16:47:35,694 [INFO] IPUIPlugin:80 - create IPUIPlugin
2025-06-29 16:47:35,694 [INFO] IPUIPlugin:80 - create IPUIPlugin
2025-06-29 16:47:35,694 [INFO] IPUIPlugin:80 - create IPUIPlugin
2025-06-29 16:47:35,694 [INFO] IPUIPlugin:80 - create IPUIPlugin
2025-06-29 16:47:35,695 [INFO] IPUIPlugin:80 - create IPUIPlugin
2025-06-29 16:47:35,695 [INFO] IPUIPlugin:80 - create IPUIPlugin
2025-06-29 16:47:35,695 [INFO] IPUIPlugin:80 - create IPUIPlugin
2025-06-29 16:47:35,695 [INFO] IPUIPlugin:80 - create IPUIPlugin
2025-06-29 16:47:35,695 [INFO] IPUIPlugin:80 - create IPUIPlugin
2025-06-29 16:47:35,695 [INFO] IPUIPlugin:80 - create IPUIPlugin
2025-06-29 16:47:35,695 [INFO] IPUIPlugin:80 - create IPUIPlugin
2025-06-29 16:47:35,696 [INFO] IPUIPlugin:80 - create IPUIPlugin
2025-06-29 16:47:35,696 [INFO] IPUIPlugin:80 - create IPUIPlugin
2025-06-29 16:47:35,696 [INFO] IPUIPlugin:80 - create IPUIPlugin
2025-06-29 16:47:35,696 [INFO] IPUIPlugin:80 - create IPUIPlugin
2025-06-29 16:47:35,696 [INFO] IPUIPlugin:80 - create IPUIPlugin
2025-06-29 16:47:35,696 [INFO] IPUIPlugin:80 - create IPUIPlugin
2025-06-29 16:47:35,696 [INFO] IPUIPlugin:80 - create IPUIPlugin
2025-06-29 16:47:35,696 [INFO] IPUIPlugin:80 - create IPUIPlugin
2025-06-29 16:47:35,696 [INFO] IPUIPlugin:80 - create IPUIPlugin
2025-06-29 16:47:35,697 [INFO] IPUIPlugin:80 - create IPUIPlugin
2025-06-29 16:47:35,697 [INFO] IPUIPlugin:80 - create IPUIPlugin
2025-06-29 16:47:35,697 [INFO] IPUIPlugin:80 - create IPUIPlugin
2025-06-29 16:47:35,697 [INFO] IPUIPlugin:80 - create IPUIPlugin
2025-06-29 16:47:35,698 [INFO] IPUIPlugin:80 - create IPUIPlugin
2025-06-29 16:47:35,698 [INFO] IPUIPlugin:80 - create IPUIPlugin
2025-06-29 16:47:35,698 [INFO] IPUIPlugin:80 - create IPUIPlugin
2025-06-29 16:47:35,772 [INFO] ApiDbMcu:508 - Load IP Config File for PDM2PCM
2025-06-29 16:47:35,936 [INFO] CADModel:165 - CPN selected for project levelSTM32F411VET6
2025-06-29 16:47:35,936 [INFO] CADModel:114 - Register for checkConnection events
2025-06-29 16:47:35,985 [INFO] OpenFileManager:363 - Restore cursor
2025-06-29 16:47:37,020 [INFO] UtilMem:75 - End SaveConfig() Used Memory: 838236136 Bytes (1073741824)
2025-06-29 16:47:37,111 [INFO] UtilMem:75 - End SaveConfig() Used Memory: 857613536 Bytes (1073741824)
2025-06-29 16:47:37,632 [INFO] BlockDiagram:2766 - set Specific Code input for plugin: NVIC
2025-06-29 16:47:37,632 [INFO] BlockDiagram:2766 - set Specific Code input for plugin: RCC
2025-06-29 16:47:37,634 [INFO] CodeGenerator:807 - code generatio: config db path: C:\ST\STM32CubeIDE_1.16.1\STM32CubeIDE\plugins\com.st.stm32cube.common.mx_6.12.1.202409122256\\db\
2025-06-29 16:47:37,971 [INFO] CodeEngine:255 - oldGeneratedFile, E:\Tech\Embedded\STM32_REGISTOR\STM32F411_Workspace1\I2C\MXTmpFiles\license.tmp_save
2025-06-29 16:47:38,384 [INFO] CodeEngine:279 - Generated code: E:\Tech\Embedded\STM32_REGISTOR\STM32F411_Workspace1\I2C\MXTmpFiles\license.tmp
2025-06-29 16:47:38,410 [INFO] CodeEngine:255 - oldGeneratedFile, E:\Tech\Embedded\STM32_REGISTOR\STM32F411_Workspace1\I2C\Core\Src\stm32f4xx_it.c_save
2025-06-29 16:47:38,582 [INFO] CodeEngine:279 - Generated code: E:\Tech\Embedded\STM32_REGISTOR\STM32F411_Workspace1\I2C\Core\Src\stm32f4xx_it.c
2025-06-29 16:47:38,596 [INFO] CodeEngine:255 - oldGeneratedFile, E:\Tech\Embedded\STM32_REGISTOR\STM32F411_Workspace1\I2C\Core\Inc\stm32f4xx_it.h_save
2025-06-29 16:47:38,696 [INFO] CodeEngine:279 - Generated code: E:\Tech\Embedded\STM32_REGISTOR\STM32F411_Workspace1\I2C\Core\Inc\stm32f4xx_it.h
2025-06-29 16:47:38,799 [INFO] CodeEngine:255 - oldGeneratedFile, E:\Tech\Embedded\STM32_REGISTOR\STM32F411_Workspace1\I2C\Core\Src\stm32f4xx_hal_msp.c_save
2025-06-29 16:47:38,952 [INFO] CodeEngine:279 - Generated code: E:\Tech\Embedded\STM32_REGISTOR\STM32F411_Workspace1\I2C\Core\Src\stm32f4xx_hal_msp.c
2025-06-29 16:47:38,967 [INFO] CodeEngine:255 - oldGeneratedFile, E:\Tech\Embedded\STM32_REGISTOR\STM32F411_Workspace1\I2C\MXTmpFiles\system.tmp_save
2025-06-29 16:47:39,052 [INFO] CodeEngine:279 - Generated code: E:\Tech\Embedded\STM32_REGISTOR\STM32F411_Workspace1\I2C\MXTmpFiles\system.tmp
2025-06-29 16:47:39,077 [INFO] CodeEngine:311 - oldGeneratedFile, E:\Tech\Embedded\STM32_REGISTOR\STM32F411_Workspace1\I2C\Core\Inc\stm32f4xx_hal_conf.h_save
2025-06-29 16:47:39,757 [INFO] CodeEngine:335 - Generated code: E:\Tech\Embedded\STM32_REGISTOR\STM32F411_Workspace1\I2C\Core\Inc\stm32f4xx_hal_conf.h
2025-06-29 16:47:39,861 [INFO] CodeEngine:255 - oldGeneratedFile, E:\Tech\Embedded\STM32_REGISTOR\STM32F411_Workspace1\I2C\Core\Inc\main.h_save
2025-06-29 16:47:40,029 [INFO] CodeEngine:279 - Generated code: E:\Tech\Embedded\STM32_REGISTOR\STM32F411_Workspace1\I2C\Core\Inc\main.h
2025-06-29 16:47:40,044 [INFO] CodeEngine:255 - oldGeneratedFile, E:\Tech\Embedded\STM32_REGISTOR\STM32F411_Workspace1\I2C\Core\Src\main.c_save
2025-06-29 16:47:40,257 [INFO] CodeEngine:279 - Generated code: E:\Tech\Embedded\STM32_REGISTOR\STM32F411_Workspace1\I2C\Core\Src\main.c
2025-06-29 16:47:40,888 [INFO] ProjectBuilder:3249 - Time for Copy HAL[1] : 255mS.
2025-06-29 16:47:40,894 [INFO] ProjectBuilder:4828 - Project Generator version: 4.5.0-B34
2025-06-29 16:47:41,001 [INFO] ConfigFileManager:1531 - The Die is : DIE431
2025-06-29 16:47:41,020 [INFO] ApiDbMcu:508 - Load IP Config File for FATFS
2025-06-29 16:47:41,038 [INFO] ApiDbMcu:508 - Load IP Config File for FREERTOS
2025-06-29 16:47:41,064 [INFO] ApiDbMcu:508 - Load IP Config File for LIBJPEG
2025-06-29 16:47:41,082 [INFO] ApiDbMcu:508 - Load IP Config File for MBEDTLS
2025-06-29 16:47:41,102 [INFO] ApiDbMcu:508 - Load IP Config File for USB_DEVICE
2025-06-29 16:47:41,116 [INFO] ApiDbMcu:508 - Load IP Config File for USB_HOST
2025-06-29 16:47:42,091 [INFO] LogOutputStream:77 - [STDOUT_REDIRECT] 
2025-06-29 16:47:45,816 [INFO] ProjectBuilder:5097 - Time for Generating toolchain IDE Files: 4922mS.
2025-06-29 16:47:45,818 [INFO] ProjectBuilder:3107 - Time for Copy CMSIS : 2mS.
2025-06-29 16:47:45,819 [INFO] ProjectBuilder:3107 - Time for Copy CMSIS : 0mS.
2025-06-29 16:47:47,100 [INFO] McuFinderGlobals:76 - Set McuFinderConnectedMode to true
2025-06-29 16:47:47,104 [INFO] ApiDb:448 - Save user favorites file C:\Users\tranc/.stm32cubeide/favorites.mcus.txt: 0 item(s)
2025-06-29 16:47:47,104 [INFO] ApiDb:452 - User favorites MCUs=[]
2025-06-29 16:47:55,006 [INFO] NvicIntPanel:101 - NVIC parent = com.st.microxplorer.plugins.ip.nvic.MultiNvicIntPanel[,0,0,0x0,invalid,layout=javax.swing.BoxLayout,alignmentX=0.0,alignmentY=0.0,border=,flags=9,maximumSize=,minimumSize=,preferredSize=]
2025-06-29 16:47:56,599 [INFO] NvicIntPanel:101 - NVIC parent = com.st.microxplorer.plugins.ip.nvic.MultiNvicIntPanel[,0,0,0x0,invalid,layout=javax.swing.BoxLayout,alignmentX=0.0,alignmentY=0.0,border=,flags=9,maximumSize=,minimumSize=,preferredSize=]
2025-06-29 16:47:57,885 [INFO] NvicIntPanel:101 - NVIC parent = com.st.microxplorer.plugins.ip.nvic.MultiNvicIntPanel[,0,0,0x0,invalid,layout=javax.swing.BoxLayout,alignmentX=0.0,alignmentY=0.0,border=,flags=9,maximumSize=,minimumSize=,preferredSize=]
2025-06-29 16:47:59,943 [INFO] UtilMem:75 - End SaveConfig() Used Memory: 781875336 Bytes (1073741824)
2025-06-29 16:48:02,635 [INFO] UtilMem:75 - End SaveConfig() Used Memory: 717089184 Bytes (1073741824)
2025-06-29 16:48:03,064 [INFO] BlockDiagram:2766 - set Specific Code input for plugin: NVIC
2025-06-29 16:48:03,065 [INFO] BlockDiagram:2766 - set Specific Code input for plugin: SYS
2025-06-29 16:48:03,066 [INFO] BlockDiagram:2766 - set Specific Code input for plugin: GPIO
2025-06-29 16:48:03,066 [INFO] BlockDiagram:2766 - set Specific Code input for plugin: RCC
2025-06-29 16:48:03,069 [INFO] CodeGenerator:807 - code generatio: config db path: C:\ST\STM32CubeIDE_1.16.1\STM32CubeIDE\plugins\com.st.stm32cube.common.mx_6.12.1.202409122256\\db\
2025-06-29 16:48:03,181 [INFO] CodeEngine:255 - oldGeneratedFile, E:\Tech\Embedded\STM32_REGISTOR\STM32F411_Workspace1\I2C\MXTmpFiles\license.tmp_save
2025-06-29 16:48:03,276 [INFO] CodeEngine:279 - Generated code: E:\Tech\Embedded\STM32_REGISTOR\STM32F411_Workspace1\I2C\MXTmpFiles\license.tmp
2025-06-29 16:48:03,321 [INFO] CodeEngine:255 - oldGeneratedFile, E:\Tech\Embedded\STM32_REGISTOR\STM32F411_Workspace1\I2C\MXTmpFiles\gpio.tmp_save
2025-06-29 16:48:03,435 [INFO] CodeEngine:279 - Generated code: E:\Tech\Embedded\STM32_REGISTOR\STM32F411_Workspace1\I2C\MXTmpFiles\gpio.tmp
2025-06-29 16:48:03,467 [INFO] CodeEngine:255 - oldGeneratedFile, E:\Tech\Embedded\STM32_REGISTOR\STM32F411_Workspace1\I2C\Core\Src\stm32f4xx_it.c_save
2025-06-29 16:48:03,542 [INFO] CodeEngine:279 - Generated code: E:\Tech\Embedded\STM32_REGISTOR\STM32F411_Workspace1\I2C\Core\Src\stm32f4xx_it.c
2025-06-29 16:48:03,545 [INFO] CodeEngine:255 - oldGeneratedFile, E:\Tech\Embedded\STM32_REGISTOR\STM32F411_Workspace1\I2C\Core\Inc\stm32f4xx_it.h_save
2025-06-29 16:48:03,597 [INFO] CodeEngine:279 - Generated code: E:\Tech\Embedded\STM32_REGISTOR\STM32F411_Workspace1\I2C\Core\Inc\stm32f4xx_it.h
2025-06-29 16:48:03,618 [INFO] CodeEngine:255 - oldGeneratedFile, E:\Tech\Embedded\STM32_REGISTOR\STM32F411_Workspace1\I2C\Core\Src\stm32f4xx_hal_msp.c_save
2025-06-29 16:48:03,691 [INFO] CodeEngine:279 - Generated code: E:\Tech\Embedded\STM32_REGISTOR\STM32F411_Workspace1\I2C\Core\Src\stm32f4xx_hal_msp.c
2025-06-29 16:48:03,694 [INFO] CodeEngine:255 - oldGeneratedFile, E:\Tech\Embedded\STM32_REGISTOR\STM32F411_Workspace1\I2C\MXTmpFiles\system.tmp_save
2025-06-29 16:48:03,741 [INFO] CodeEngine:279 - Generated code: E:\Tech\Embedded\STM32_REGISTOR\STM32F411_Workspace1\I2C\MXTmpFiles\system.tmp
2025-06-29 16:48:03,763 [INFO] CodeEngine:311 - oldGeneratedFile, E:\Tech\Embedded\STM32_REGISTOR\STM32F411_Workspace1\I2C\Core\Inc\stm32f4xx_hal_conf.h_save
2025-06-29 16:48:03,873 [INFO] CodeEngine:335 - Generated code: E:\Tech\Embedded\STM32_REGISTOR\STM32F411_Workspace1\I2C\Core\Inc\stm32f4xx_hal_conf.h
2025-06-29 16:48:03,924 [INFO] CodeEngine:255 - oldGeneratedFile, E:\Tech\Embedded\STM32_REGISTOR\STM32F411_Workspace1\I2C\Core\Inc\main.h_save
2025-06-29 16:48:03,987 [INFO] CodeEngine:279 - Generated code: E:\Tech\Embedded\STM32_REGISTOR\STM32F411_Workspace1\I2C\Core\Inc\main.h
2025-06-29 16:48:04,000 [INFO] CodeEngine:255 - oldGeneratedFile, E:\Tech\Embedded\STM32_REGISTOR\STM32F411_Workspace1\I2C\Core\Src\main.c_save
2025-06-29 16:48:04,107 [INFO] CodeEngine:279 - Generated code: E:\Tech\Embedded\STM32_REGISTOR\STM32F411_Workspace1\I2C\Core\Src\main.c
2025-06-29 16:48:04,419 [INFO] ProjectBuilder:3249 - Time for Copy HAL[1] : 148mS.
2025-06-29 16:48:04,422 [INFO] ProjectBuilder:4828 - Project Generator version: 4.5.0-B34
2025-06-29 16:48:04,493 [INFO] ConfigFileManager:1531 - The Die is : DIE431
2025-06-29 16:48:05,933 [INFO] ProjectBuilder:5097 - Time for Generating toolchain IDE Files: 1511mS.
2025-06-29 16:48:05,934 [INFO] ProjectBuilder:3107 - Time for Copy CMSIS : 1mS.
2025-06-29 16:48:05,935 [INFO] ProjectBuilder:3107 - Time for Copy CMSIS : 0mS.
2025-06-29 17:54:22,037 [INFO] WebApp:189 - Connection lost
2025-06-29 17:54:22,200 [INFO] WebApp:186 - Connection restablished
2025-06-29 18:11:27,266 [ERROR] LogOutputStream:75 - [STDERR_REDIRECT] 
2025-06-29 18:11:27,267 [ERROR] LogOutputStream:75 - [STDERR_REDIRECT] 
